Sarbecovirus,bat-human,Sarbecovirus,cat-human,Embecovirus,cow-human,Sarbecovirus,deer-human,Sarbecovirus,weasel-human
IG,AA Position,IG,AA Position,IG,AA Position,IG,AA Position,IG,AA Position
1,551,0.118404472,693,1,283,0.292106763,688,0.65231866,694
1,720,0.115836638,220,1,150,0.255333658,459,0.523815542,491
1,60,0.106507157,691,1,620,0.22181234,485,0.431416477,465
1,42,0.105484668,148,1,776,0.171014083,161,0.373191184,19
1,719,0.09947265,152,1,29,0.170243967,160,0.367661922,167
1,718,0.097530922,559,1,775,0.168806325,957,0.366786001,963
1,88,0.096326461,490,1,485,0.163849639,146,0.366363384,168
1,717,0.096301516,808,1,499,0.155253838,162,0.362986909,166
1,401,0.093533001,966,1,302,0.152719435,19,0.360428624,165
0.965097156,353,0.093533001,993,1,959,0.127021819,99,0.304838227,72
0.964943035,646,0.093533001,981,1,555,0.094319907,74,0.264552062,466
0.941199524,530,0.093325625,868,1,250,0.09151715,73,0.198542798,514
0.938442682,246,0.093312599,71,1,578,0.081045056,145,0.197255539,97
0.938340371,160,0.092417646,508,1,947,0.064106805,125,0.177449271,499
0.917247368,125,0.09202999,667,1,89,0.064106805,123,0.138261748,70
0.916857882,155,0.091830921,221,1,524,0.0634544,76,0.130483656,147
0.916068207,100,0.087147805,776,1,943,0.06239971,71,0.112572815,69
0.915585356,84,0.087084313,226,1,565,0.060384593,92,0.089637231,497
0.915585356,71,0.084221273,149,1,525,0.060384593,121,0.086645038,151
0.915585356,145,0.081981481,505,1,510,0.060384593,90,0.085383554,518
0.915270435,475,0.079135563,496,1,523,0.060384593,122,0.084874194,668
0.915270435,150,0.078891993,510,1,521,0.060384593,91,0.083078508,692
0.915114996,290,0.078881586,225,1,522,0.060384593,124,0.083010353,982
0.915114996,191,0.078881586,224,1,314,0.060384593,130,0.0825362,869
0.915114996,192,0.076893542,351,1,747,0.060384593,129,0.0825362,994
0.914960875,267,0.070763447,385,1,1040,0.060384593,126,0.081900083,809
0.914960875,256,0.070763447,387,1,264,0.060384593,128,0.081639902,967
0.914960875,221,0.070763447,383,1,528,0.060384593,127,0.081491933,560
0.914960875,281,0.070473016,452,1,1272,0.059817071,87,0.081308557,511
0.914808049,521,0.06943154,429,1,547,0.05942678,116,0.081308557,509
0.914808049,199,0.068076401,458,1,800,0.059320618,104,0.080642858,228
0.914808049,212,0.059117704,489,1,799,0.056682414,134,0.079933833,221
0.914808049,169,0.049989634,517,1,472,0.056682414,89,0.078916536,777
0.914808049,170,0.048303362,464,1,545,0.056682414,93,0.07846666,222
0.914808049,276,0.047821667,150,1,1267,0.056682414,101,0.078242143,490
0.914808049,280,0.046489638,19,1,546,0.056682414,96,0.077432988,506
0.914808049,168,0.03729967,13,1,188,0.056682414,88,0.075932241,226
0.914808049,179,0.0335353,595,1,195,0.056682414,95,0.075932241,227
0.914808049,277,0.033526183,29,1,190,0.056682414,117,0.071275833,352
0.914808049,278,0.033445557,74,1,319,0.056682414,135,0.069686941,384
0.914808049,231,0.031819667,20,1,470,0.056682414,120,0.069686941,388
0.914656496,35,0.0314977,73,0.959373599,153,0.056682414,118,0.069344133,386
0.914656496,51,0.031485453,286,0.94964097,1063,0.053000042,133,0.068996107,225
0.914656496,52,0.031458393,166,0.935166924,945,0.053000042,94,0.068363479,453
0.914656496,8,0.031169351,962,0.935166924,105,0.053000042,132,0.068213829,275
0.893488321,300,0.030852269,26,0.927599368,34,0.053000042,85,0.066722389,327
0.893084158,43,0.03070075,292,0.926639767,270,0.053000042,80,0.066369341,459
0.882260608,79,0.030372388,167,0.926639767,266,0.053000042,79,0.060967778,430
0.880293467,507,0.029572354,8,0.926639767,1354,0.053000042,139,0.053375532,148
0.87505885,107,0.029130053,288,0.926639767,271,0.053000042,86,0.051519717,116
0.874529342,87,0.028770796,165,0.926639767,269,0.053000042,100,0.042091342,71
0.874268018,490,0.028356137,18,0.926639767,1274,0.053000042,131,0.040313981,359
0.873752034,265,0.028015166,271,0.897882718,1314,0.053000042,111,0.034976506,729
0.873752034,355,0.027837043,5,0.890630351,182,0.053000042,110,0.032771413,583
0.8734973,252,0.027824382,21,0.890630351,163,0.053000042,113,0.032152094,77
0.8734973,283,0.027824382,11,0.890630351,1249,0.053000042,97,0.031624298,117
0.8734973,725,0.027824382,10,0.875705347,178,0.053000042,114,0.031292074,115
0.87324469,224,0.027824382,31,0.828535366,118,0.053000042,109,0.031292074,114
0.87324469,502,0.027824382,25,0.822965779,151,0.053000042,108,0.031247156,995
0.872994167,586,0.027824382,14,0.812608423,152,0.053000042,106,0.030863951,113
0.872994167,674,0.027824382,15,0.791579198,595,0.053000042,105,0.03081642,66
0.872994167,651,0.027824382,23,0.789291496,265,0.053000042,98,0.030738346,1131
0.85685757,564,0.027824382,22,0.788076403,1401,0.053000042,102,0.030511678,100
0.855910437,83,0.027824382,9,0.788076403,658,0.053000042,103,0.030436285,118
0.854677156,194,0.027824382,1,0.754164563,509,0.053000042,112,0.030436285,120
0.854677156,189,0.027824382,7,0.751125588,511,0.053000042,115,0.030310764,146
0.854375262,275,0.027824382,2,0.751125588,519,0.053000042,1235,0.030080611,63
0.854075854,588,0.027824382,3,0.695770703,571,0.052507155,140,0.030044325,64
0.850822338,30,0.027824382,4,0.684793844,609,0.052507155,84,0.030009079,103
0.844526468,447,0.027687068,12,0.626383273,653,0.049337258,81,0.030009079,102
0.837533131,500,0.027576761,285,0.626383273,591,0.049337258,136,0.029582337,109
0.836822749,195,0.027576761,287,0.626383273,705,0.049337258,138,0.029582337,119
0.836822749,763,0.026944317,513,0.626383273,774,0.049337258,82,0.029582337,101
0.836822749,505,0.026934429,99,0.60810298,543,0.049337258,83,0.028764246,65
0.836822749,727,0.025934193,16,0.599318576,513,0.049337258,107,0.028730259,104
0.836822749,726,0.025934193,17,0.599318576,607,0.049337258,137,0.028730259,108
0.836471969,282,0.025934193,6,0.599318576,28,0.048881267,142,0.028730259,99
0.836124067,664,0.025934193,24,0.598654279,576,0.045693844,67,0.028730259,110
0.836124067,711,0.025934193,27,0.573500083,568,0.045693844,66,0.028696235,83
0.836124067,716,0.025934193,28,0.573500083,237,0.045693844,78,0.028326015,67
0.836124067,680,0.025853216,291,0.559148006,480,0.045693844,143,0.028304933,76
0.836124067,604,0.025853216,290,0.552180064,342,0.045693844,65,0.028304933,105
0.836124067,915,0.02503145,311,0.548794941,1355,0.045693844,72,0.02820568,122
0.832974731,482,0.024866042,306,0.548794941,415,0.042728926,508,0.028095633,82
0.821419206,78,0.024369863,293,0.548794941,431,0.042069588,69,0.027888061,68
0.819788389,756,0.024049161,30,0.548794941,516,0.042069588,75,0.027880088,106
0.819788389,377,0.024049161,34,0.548794941,518,0.042069588,68,0.027880088,85
0.819788389,383,0.024049161,32,0.548794941,476,0.042069588,70,0.02787982,84
0.819389115,504,0.023883928,1116,0.548794941,20,0.042069588,156,0.027433821,98
0.818993103,639,0.023653029,234,0.548794941,656,0.042069588,77,0.02738812,136
0.818993103,692,0.023270232,227,0.548794941,770,0.042069588,141,0.027294623,123
0.818993103,713,0.022949342,289,0.548794941,598,0.041154253,119,0.026980344,135
0.807001376,171,0.022909949,273,0.548794941,876,0.039687865,149,0.026625129,79
0.806223646,533,0.022169255,39,0.532433608,38,0.034407044,144,0.026624999,74
0.804829842,474,0.022169255,33,0.525093112,569,0.032768406,147,0.026608489,107
0.803916323,66,0.022169255,36,0.525093112,713,0.031415363,424,0.026479612,1160
0.803916323,243,0.021550042,294,0.525093112,282,0.031309689,325,0.026185619,73
0.803017856,517,0.020912802,301,0.525093112,508,0.031309689,327,0.025687128,129
0.802574113,19,0.020357106,275,0.506184035,567,0.031309689,326,0.025687128,128
0.802574113,5,0.020324779,50,0.495965053,1328,0.029458648,148,0.025633719,150
0.802113148,916,0.020294448,37,0.459147917,566,0.029322242,723,0.025341409,78
0.797050895,524,0.020294448,40,0.45351295,1067,0.028619293,491,0.025341409,75
0.789790838,85,0.020294448,44,0.446260583,806,0.028216108,382,0.025120253,143
0.787273785,525,0.020294448,38,0.438657922,1281,0.027760005,62,0.024957477,125
0.786782684,561,0.020294448,45,0.438657922,864,0.027760005,274,0.02493914,80
0.786782684,714,0.020294448,35,0.438657922,90,0.027760005,61,0.024904974,130
0.775412668,602,0.020098813,309,0.438657922,559,0.027760005,275,0.024904974,127
0.774847177,80,0.020098813,307,0.438657922,935,0.027760005,58,0.024904974,124
0.772632017,730,0.01980754,228,0.418821231,483,0.027760005,57,0.024515163,126
0.772632017,188,0.019760279,219,0.418821231,263,0.027760005,276,0.024282871,86
0.77222404,715,0.019740806,274,0.409800126,517,0.027760005,324,0.024084505,96
0.771551454,638,0.019496418,262,0.380930091,628,0.026159987,503,0.023743437,137
0.771551454,34,0.019231245,161,0.380930091,515,0.026159987,505,0.023350938,133
0.769233568,157,0.019081327,270,0.373901459,749,0.026159987,512,0.023350938,131
0.760873603,515,0.019031966,296,0.368300716,1121,0.025165897,771,0.023350938,132
0.757999606,338,0.019031966,272,0.362798733,487,0.024964128,803,0.023284809,81
0.757999606,328,0.019031966,295,0.362798733,172,0.024604727,447,0.022941612,138
0.757410143,830,0.018932746,223,0.362798733,340,0.024604727,453,0.022194798,134
0.747754349,136,0.01842471,43,0.362798733,644,0.024604727,380,0.021785681,61
0.747754349,130,0.01842471,42,0.362798733,991,0.024604727,378,0.021351851,62
0.747085849,113,0.01842471,41,0.362798733,249,0.024228466,18,0.021347504,140
0.746422978,91,0.018413842,265,0.362798733,1236,0.024228466,273,0.020951044,141
0.746141009,29,0.018330804,218,0.362798733,24,0.024228466,59,0.020555441,139
0.745515215,508,0.018237518,252,0.362798733,556,0.024228466,54,0.020051993,60
0.744467209,255,0.018119827,253,0.362798733,148,0.024228466,272,0.019855482,144
0.743825936,513,0.018119827,254,0.362798733,465,0.024228466,328,0.01961925,58
0.743825936,259,0.018049995,233,0.362798733,1022,0.024228466,56,0.01961925,57
0.743825936,279,0.017536157,358,0.362798733,345,0.024228466,271,0.018716333,94
0.743825936,509,0.017489154,302,0.362798733,294,0.024228466,268,0.018590858,142
0.743825936,288,0.017453534,689,0.362798733,23,0.024228466,60,0.018425827,95
0.743825936,285,0.017323551,310,0.362798733,554,0.024228466,269,0.018400023,88
0.743189844,274,0.017026743,263,0.362798733,68,0.024228466,260,0.018266274,764
0.743189844,230,0.016887871,264,0.362798733,671,0.02402326,13,0.01768941,91
0.743189844,196,0.016778299,282,0.357468353,842,0.02402326,157,0.017624794,93
0.743189844,273,0.016778299,284,0.356707004,40,0.02402326,437,0.017467895,87
0.743189844,164,0.01648243,687,0.345165463,156,0.023019954,346,0.017422301,90
0.743189844,159,0.016451675,255,0.345165463,155,0.02216511,989,0.017335999,92
0.743189844,163,0.016451675,231,0.345165463,154,0.0218876,1125,0.017028459,59
0.74255885,909,0.016451675,236,0.345165463,157,0.021333197,961,0.016983881,89
0.74255885,592,0.016357379,248,0.333935311,262,0.021333197,988,0.016695481,145
0.74255885,607,0.016357379,241,0.328000829,199,0.021333197,976,0.016597602,56
0.74255885,601,0.016357379,249,0.328000829,1285,0.021333197,863,0.016277534,464
0.74255885,919,0.016357379,235,0.32311414,33,0.021333197,484,0.015107988,463
0.74255885,22,0.016357379,240,0.311278124,31,0.020714881,334,0.015107988,473
0.74255885,16,0.016357379,247,0.311278124,27,0.020714881,155,0.014788547,446
0.74255885,23,0.016357379,242,0.311278124,215,0.020714881,421,0.014720312,467
0.739233137,476,0.016357379,239,0.311278124,26,0.020714881,425,0.014677666,162
0.730072386,769,0.016357379,243,0.311278124,189,0.020714881,333,0.014393471,447
0.729390021,176,0.016184931,318,0.311278124,121,0.020714881,319,0.014393471,448
0.728713104,26,0.016184931,317,0.311278124,30,0.020714881,158,0.01438092,472
0.728713104,27,0.016184931,316,0.305949029,78,0.020714881,277,0.014333774,471
0.728713104,40,0.016184931,305,0.30346764,1391,0.020714881,159,0.01399944,445
0.728713104,1121,0.016184931,308,0.298557665,1088,0.020714881,314,0.01399944,449
0.728713104,921,0.016184931,304,0.298557665,527,0.020714881,315,0.013948405,455
0.720437626,126,0.015936165,276,0.294973041,184,0.020714881,330,0.013948405,468
0.719678915,20,0.015936165,280,0.294973041,1207,0.020714881,329,0.013859652,452
0.71892649,479,0.015936165,281,0.294973041,611,0.020714881,331,0.01378879,54
0.71892649,473,0.015936165,279,0.294973041,478,0.020714881,150,0.013613296,457
0.718180248,469,0.01576408,278,0.292298777,123,0.020714881,423,0.013613296,456
0.718180248,468,0.015551317,297,0.291301128,484,0.020714881,320,0.013612787,18
0.717750445,90,0.015472776,491,0.286608898,166,0.020714881,332,0.013564243,470
0.717575415,158,0.015205119,300,0.284174498,822,0.020714881,420,0.013564243,474
0.715977625,305,0.015205119,315,0.279063371,1375,0.020714881,317,0.013564243,454
0.715977625,225,0.015174718,198,0.279063371,1394,0.020714881,426,0.01334233,55
0.715255131,39,0.015111015,194,0.279063371,627,0.020714881,442,0.013214646,450
0.705264465,154,0.015110348,626,0.279063371,333,0.020714881,441,0.013181324,461
0.705264465,498,0.015110348,635,0.279063371,43,0.020714881,316,0.013181324,458
0.703697934,723,0.01498231,207,0.279063371,5,0.020714881,443,0.013181324,460
0.702924069,321,0.014907583,312,0.277173122,160,0.020714881,436,0.013029259,266
0.694366703,77,0.014754151,299,0.277173122,117,0.020714881,427,0.012823956,451
0.693520658,485,0.014754151,298,0.270292599,473,0.020714881,321,0.012799688,475
0.692681514,153,0.014754151,283,0.270292599,1278,0.020714881,444,0.012799688,462
0.692681514,501,0.014700328,685,0.270292599,750,0.020714881,435,0.012419378,469
0.691023483,336,0.014700328,1241,0.270292599,946,0.020714881,401,0.012046187,444
0.689391747,882,0.014684333,237,0.270292599,288,0.020714881,434,0.011875803,752
0.689391747,654,0.014684333,230,0.270292599,925,0.020714881,438,0.011662917,476
0.679448326,1141,0.014684333,238,0.270292599,924,0.020714881,439,0.011448142,760
0.676939363,56,0.014684333,232,0.270292599,726,0.020714881,12,0.011448142,748
0.676939363,973,0.014684333,251,0.270292599,335,0.020714881,322,0.011448142,745
0.66935933,471,0.014684333,250,0.270292599,45,0.020714881,440,0.011020744,757
0.667505515,354,0.014684333,229,0.270292599,659,0.020714881,323,0.011020744,754
0.6665897,512,0.014503118,269,0.270292599,1282,0.020714881,318,0.011020744,775
0.665896561,385,0.01448143,199,0.270292599,49,0.020714881,267,0.011020744,755
0.66477967,871,0.014287801,1188,0.270292599,1064,0.020714881,383,0.011020744,758
0.657697781,486,0.014044798,277,0.270292599,640,0.020544477,293,0.011020744,756
0.657697781,147,0.01398314,303,0.270292599,498,0.020544477,154,0.010978544,13
0.65479344,237,0.01394213,532,0.270292599,1228,0.019427904,221,0.010969485,478
0.65479344,269,0.013689456,209,0.270292599,1389,0.018917675,500,0.0109357,627
0.65479344,514,0.013677498,259,0.263602032,462,0.018756439,296,0.010873349,517
0.65479344,742,0.013272037,49,0.263528758,883,0.018614363,577,0.010593611,776
0.653840616,36,0.013225217,217,0.263528758,613,0.018444995,215,0.010593611,753
0.652895238,912,0.013225217,196,0.263528758,225,0.017856505,353,0.010593611,751
0.652895238,1148,0.013225217,195,0.263528758,922,0.017721816,686,0.010593611,762
0.652895238,38,0.013225217,204,0.263528758,923,0.017721816,554,0.010593611,759
0.652895238,1284,0.013225217,197,0.263528758,912,0.017412889,216,0.010539399,477
0.648360728,151,0.013179604,314,0.263528758,316,0.017219059,398,0.010293762,271
0.643256147,506,0.013033245,155,0.263528758,828,0.017219059,303,0.010233772,302
0.642259397,516,0.013033245,256,0.263528758,699,0.017219059,370,0.010166741,767
0.641270409,1253,0.013033245,46,0.263528758,879,0.017219059,433,0.010166741,747
0.641270409,31,0.012845629,694,0.263528758,921,0.017219059,369,0.010166741,768
0.640097645,82,0.012845629,688,0.263528758,375,0.017219059,432,0.010166741,750
0.635134499,478,0.012845629,690,0.263528758,919,0.017219059,372,0.010166741,749
0.631963692,268,0.012787658,684,0.263528758,823,0.017219059,367,0.010166741,763
0.631963692,369,0.012119118,245,0.263528758,698,0.017219059,368,0.010166741,761
0.630923332,322,0.012119118,244,0.263528758,918,0.017219059,337,0.010166741,766
0.629891045,272,0.012037674,313,0.263528758,979,0.017219059,371,0.010166741,746
0.629891045,1107,0.012037674,333,0.263528758,909,0.017219059,381,0.010057021,519
0.627588801,142,0.011920633,260,0.263528758,454,0.017219059,399,0.009740134,744
0.620903255,764,0.011920633,261,0.263528758,328,0.017219059,299,0.009740134,765
0.619819597,226,0.011808845,266,0.263528758,603,0.017219059,298,0.009680665,440
0.607818541,569,0.011808845,216,0.263528758,206,0.017219059,376,0.009650278,516
0.600956237,7,0.011808845,211,0.263528758,815,0.017219059,377,0.009559357,443
0.600611174,350,0.011808845,210,0.263528758,381,0.017219059,375,0.009366798,380
0.599432714,532,0.011808845,212,0.263528758,814,0.017219059,373,0.009267021,520
0.599432714,536,0.011808845,208,0.263528758,204,0.017219059,300,0.009244546,515
0.598263376,302,0.011808845,213,0.263528758,897,0.017219059,374,0.00891962,1260
0.598263376,503,0.011808845,203,0.263528758,201,0.017219059,422,0.008910702,434
0.597103018,620,0.011808845,205,0.263528758,1092,0.017219059,366,0.008863222,774
0.597103018,1170,0.011808845,206,0.263528758,601,0.017219059,365,0.008839882,521
0.597103018,18,0.011779409,449,0.263528758,382,0.017219059,364,0.008839882,771
0.594425475,527,0.011779409,448,0.263528758,602,0.017219059,391,0.008839882,778
0.590223265,424,0.011407166,51,0.263528758,380,0.017219059,400,0.00881645,272
0.589002116,534,0.011407166,48,0.263528758,379,0.017219059,393,0.008757326,1204
0.586587935,1270,0.011407166,47,0.263528758,893,0.017219059,392,0.008700841,479
0.586587935,429,0.010995886,692,0.263528758,456,0.017219059,394,0.008573364,435
0.586587935,825,0.010995886,1186,0.263528758,1070,0.017219059,363,0.008568779,782
0.586587935,1125,0.010995886,686,0.263528758,677,0.017219059,397,0.008436346,773
0.586587935,1138,0.010995886,681,0.263528758,890,0.017219059,396,0.008436346,770
0.57876233,184,0.010995886,151,0.263528758,455,0.017219059,395,0.008436346,772
0.57876233,286,0.010947666,1249,0.263528758,216,0.017219059,390,0.008392313,257
0.577508506,307,0.010947666,1231,0.263528758,324,0.017219059,389,0.008364159,1263
0.577508506,519,0.010854968,222,0.263528758,326,0.017219059,388,0.00834458,1277
0.576264247,3,0.010650387,268,0.263528758,211,0.017219059,362,0.008338915,483
0.571622508,183,0.010638488,157,0.263528758,1077,0.017219059,430,0.008338915,480
0.568705008,289,0.010638488,156,0.263528758,457,0.017219059,387,0.008338915,484
0.567067175,140,0.010638488,246,0.263528758,820,0.017219059,402,0.008335085,441
0.564275549,74,0.010468079,192,0.263528758,213,0.017219059,385,0.008334089,270
0.562896258,477,0.010468079,193,0.263528758,377,0.017219059,386,0.008238359,438
0.560169858,291,0.010468079,447,0.263528758,481,0.017219059,429,0.008238359,439
0.558822418,745,0.010468079,442,0.263528758,482,0.017219059,428,0.008034008,779
0.557485269,165,0.010468079,446,0.263528758,680,0.017219059,384,0.008034008,512
0.551245031,250,0.010468079,443,0.263528758,467,0.017219059,379,0.008034008,510
0.550496335,395,0.010468079,440,0.263528758,652,0.017219059,295,0.008034008,513
0.549107375,254,0.010468079,441,0.263528758,651,0.017219059,463,0.008034008,769
0.549107375,389,0.010468079,444,0.263528758,349,0.017219059,464,0.00802488,310
0.545340791,76,0.010468079,445,0.263528758,296,0.017219059,455,0.007979134,481
0.543877013,489,0.010426832,450,0.263528758,447,0.017219059,462,0.007979134,482
0.539553192,511,0.010426832,163,0.263528758,848,0.017219059,461,0.00790578,437
0.539553192,386,0.009873366,1203,0.263528758,292,0.017219059,460,0.00790578,442
0.539553192,784,0.009559155,162,0.263528758,1010,0.017219059,458,0.007864844,274
0.539553192,540,0.009430017,267,0.263528758,347,0.017219059,457,0.007632944,780
0.538133848,522,0.009428657,430,0.263528758,633,0.017219059,465,0.007575728,436
0.538133848,520,0.009194769,190,0.263528758,304,0.017219059,467,0.007233243,522
0.537624164,96,0.009194769,191,0.263528758,952,0.017219059,468,0.007159272,690
0.536725193,15,0.009194769,202,0.263528758,953,0.017219059,151,0.00715516,20
0.530153625,539,0.009194769,201,0.263528758,648,0.017219059,754,0.007001599,309
0.530153625,415,0.009194769,200,0.263528758,1003,0.017219059,294,0.006970322,268
0.530153625,418,0.009194769,214,0.263528758,1049,0.017219059,152,0.00686556,312
0.530151121,138,0.009194769,215,0.263528758,355,0.017219059,469,0.006863906,784
0.52724453,593,0.00919426,154,0.263528758,354,0.017219059,153,0.006835005,781
0.52724453,435,0.00919426,153,0.263528758,682,0.017219059,470,0.006560143,269
0.52724453,590,0.009163823,189,0.263528758,451,0.017219059,456,0.006512132,308
0.52724453,850,0.009151517,570,0.263528758,638,0.017219059,466,0.006438343,785
0.52724453,434,0.009151072,679,0.263528758,985,0.017219059,446,0.006438343,783
0.52724453,431,0.009151072,675,0.263528758,990,0.017219059,288,0.006369887,311
0.52724453,6,0.009151072,674,0.263528758,471,0.017219059,265,0.006336706,970
0.52724453,2,0.009151072,680,0.263528758,291,0.017219059,454,0.005965728,705
0.521290251,139,0.009151072,676,0.263528758,200,0.017219059,285,0.00592371,701
0.520902834,187,0.009151072,1273,0.263528758,267,0.017219059,278,0.005912451,872
0.5196769,123,0.009151072,1219,0.263528758,999,0.017219059,279,0.005899218,307
0.512565887,131,0.009151072,682,0.263528758,268,0.017219059,286,0.00589192,27
0.511795349,185,0.009151072,678,0.263528758,290,0.017219059,284,0.005841514,1040
0.510911018,121,0.009151072,683,0.263528758,350,0.017219059,445,0.005770235,397
0.510254766,308,0.009151072,677,0.263528758,306,0.017219059,263,0.00572896,223
0.510254766,32,0.009151072,1220,0.263528758,847,0.017219059,452,0.005689383,26
0.503495383,28,0.009151072,1237,0.263528758,1014,0.017219059,451,0.005643707,404
0.501245569,229,0.009151072,1187,0.263528758,238,0.017219059,450,0.005643707,385
0.485282855,6       270,0.009151072,1184,0.263528758,624,0.017219059,449,0.005589595,432
0.478411402,7       298,0.009151072,1182,0.263528758,240,0.017219059,448,0.005589595,431
0.458116157,334,0.009151072,1221,0.263528758,439,0.017083213,264,0.005528219,427
0.45718408,5       148,0.009151072,1185,0.263528758,625,0.017015293,252,0.005472718,395
0.453503511,7        81,0.009151072,1189,0.263528758,930,0.015854971,219,0.005472718,389
0.449845051,227,0.009151072,1195,0.263528758,877,0.015854971,220,0.005384799,428
0.448043911,7       636,0.009151072,1190,0.263528758,281,0.013803222,270,0.005376625,1189
0.443536194,326,0.009151072,1193,0.263528758,846,0.013740815,752,0.00534279,390
0.435519166,364,0.009151072,1192,0.263528758,235,0.013740815,750,0.00534279,387
0.423763092,1,0.009151072,1191,0.263528758,1048,0.013740815,751,0.00534279,382
0.419791433,4       234,0.009151072,1222,0.263528758,232,0.013740815,753,0.00534279,396
0.414092206,266,0.009151072,1223,0.263528758,233,0.013740815,758,0.00534279,401
0.412074929,809,0.009151072,1224,0.263528758,927,0.013740815,748,0.00534279,398
0.406507489,440,0.009151072,1225,0.263528758,830,0.013740815,755,0.00534279,403
0.404714122,6        98,0.009151072,1235,0.263528758,626,0.013740815,757,0.00534279,400
0.400388421,876,0.009151072,1236,0.263528758,244,0.013740815,759,0.00534279,402
0.389482811,301,0.009151072,1238,0.263528758,245,0.013740815,756,0.00534279,399
0.38647479,444,0.009151072,1233,0.263528758,440,0.013740815,749,0.005323531,433
0.385272139,7        49,0.009151072,1230,0.263528758,869,0.013740815,739,0.005246101,714
0.385272139,7       987,0.009151072,1229,0.263528758,479,0.013740815,747,0.005214437,289
0.379980514,323,0.009151072,1226,0.263528758,477,0.013740815,746,0.005096049,319
0.377846633,4,0.009151072,1227,0.263528758,1017,0.013740815,738,0.005066513,408
0.367676104,271,0.009151072,1228,0.263528758,1016,0.013740815,737,0.005066513,407
0.367676104,332,0.009151072,1194,0.263528758,870,0.013740815,761,0.005060935,429
0.361782989,470,0.009151072,1183,0.263528758,841,0.013740815,740,0.005054183,707
0.360521259,480,0.009151072,1213,0.263528758,310,0.013740815,741,0.005045539,391
0.359852747,3       235,0.009151072,1206,0.263528758,875,0.013740815,742,0.005045539,393
0.357509694,37,0.009151072,1205,0.263528758,1030,0.013740815,745,0.005045539,392
0.341957688,4       657,0.009151072,1208,0.263528758,934,0.013740815,744,0.005045539,383
0.336093867,86,0.009151072,1207,0.263528758,936,0.013740815,743,0.005045539,394
0.330523807,976,0.009151072,1209,0.263528758,367,0.013740815,760,0.004879928,290
0.328429712,368,0.009151072,1196,0.263528758,475,0.013740815,473,0.004859523,736
0.32134466,4      1151,0.009151072,1211,0.263528758,794,0.013740815,762,0.004859523,735
0.312940864,233,0.009151072,1210,0.263528758,198,0.013740815,474,0.004859523,734
0.308968868,4       356,0.009151072,1214,0.263528758,407,0.013740815,476,0.004822317,256
0.303881652,7       216,0.009151072,1215,0.263528758,1286,0.013740815,477,0.004819949,426
0.282557575,122,0.009151072,1216,0.263528758,506,0.013740815,478,0.004781119,318
0.281975813,17,0.009151072,1204,0.263528758,70,0.013740815,475,0.004779967,381
0.278288728,6       166,0.009151072,1217,0.263528758,714,0.013740815,417,0.004779967,379
0.275637907,4       966,0.009151072,1198,0.263528758,507,0.013740815,763,0.004695565,200
0.272044083,4       977,0.009151072,1197,0.263528758,75,0.013740815,418,0.004693756,152
0.272044083,4       232,0.009151072,1218,0.263528758,544,0.013740815,471,0.004684579,313
0.269360317,6       969,0.009151072,1199,0.263528758,73,0.013740815,472,0.004645737,370
0.269360317,6       881,0.009151072,1212,0.263528758,69,0.013740815,419,0.004645737,369
0.269360317,6       980,0.009151072,1200,0.263528758,541,0.013740815,816,0.00464474,1232
0.268593479,7       805,0.009151072,1201,0.263528758,756,0.013740815,510,0.004579383,273
0.268593479,7       284,0.009151072,1202,0.263528758,1302,0.013740815,776,0.004543333,405
0.26314181,1092,0.00912636,84,0.263528758,1303,0.013740815,774,0.004543333,406
0.256981189,33,0.009112568,1254,0.263528758,540,0.013740815,766,0.004535485,507
0.256459331,4       378,0.009084006,160,0.263528758,1301,0.013740815,765,0.004529322,740
0.256199987,295,0.008595672,465,0.263528758,752,0.013740815,764,0.004529322,743
0.250877299,4       970,0.008247241,434,0.263528758,1299,0.013740815,767,0.004529322,739
0.236076918,488,0.008247241,435,0.263528758,755,0.013740815,768,0.004529322,742
0.235772749,197,0.008247241,433,0.263528758,1294,0.013740815,769,0.004529322,738
0.232894991,959,0.008247241,438,0.263528758,1269,0.013740815,773,0.004529322,741
0.232845796,5       535,0.008247241,432,0.263528758,79,0.013740815,772,0.004529322,737
0.232845796,5       238,0.008247241,436,0.263528758,80,0.013740815,770,0.004524587,530
0.231241503,5       156,0.008247241,439,0.263528758,400,0.013740815,360,0.004497422,374
0.22700717,1110,0.007993006,258,0.263528758,197,0.013740815,341,0.004497422,378
0.22700717,1162,0.007982102,321,0.263528758,1250,0.013740815,262,0.004484111,531
0.223435782,5        97,0.007798356,451,0.263528758,550,0.013740815,308,0.004463134,293
0.220220835,7       114,0.007782358,164,0.263528758,551,0.013740815,309,0.004306826,717
0.21943364,6       173,0.007740205,625,0.263528758,710,0.013740815,307,0.004306826,725
0.216097691,6       103,0.007491551,431,0.263528758,552,0.013740815,311,0.004306826,704
0.215384976,3        59,0.007491551,427,0.263528758,1240,0.013740815,306,0.004283323,1242
0.212987013,579,0.007491551,428,0.263528758,1248,0.013740815,310,0.004279455,297
0.209648713,979,0.007330244,338,0.263528758,549,0.013740815,312,0.004279455,296
0.198321338,61,0.007311302,1086,0.263528758,1262,0.013740815,304,0.004258374,288
0.195825002,5       315,0.007311161,1239,0.263528758,1259,0.013740815,261,0.004219083,371
0.19345677,4       177,0.007311161,1240,0.263528758,403,0.013740815,340,0.004219083,373
0.19345677,4       531,0.007311161,1252,0.263528758,548,0.013740815,338,0.004219083,372
0.190308893,2       309,0.007311161,1234,0.263528758,83,0.013740815,313,0.004219083,368
0.187181773,6       847,0.007311161,1232,0.263528758,711,0.013740815,336,0.004206112,822
0.184837944,8       209,0.007311161,1253,0.263528758,1256,0.013740815,305,0.004203294,706
0.181680362,432,0.007311161,1243,0.263528758,767,0.013740815,302,0.004203294,708
0.181589138,4       167,0.007311161,1251,0.263528758,1254,0.013740815,243,0.004203294,709
0.173515537,6       239,0.007311161,1250,0.263528758,751,0.013740815,266,0.004203294,732
0.173515537,6       242,0.007311161,1246,0.263528758,1307,0.013740815,280,0.004203294,733
0.171957755,4       174,0.007311161,1244,0.263528758,96,0.013740815,32,0.004203294,731
0.167013439,2       133,0.007311161,1245,0.263528758,1379,0.013740815,282,0.004203294,730
0.165440278,5       905,0.007311161,1248,0.263528758,418,0.013740815,49,0.004167963,294
0.164814474,7       352,0.007311161,1247,0.263528758,1376,0.013740815,281,0.004100589,524
0.159658355,8        65,0.007311161,1242,0.263528758,13,0.013740815,287,0.004100589,525
0.157272075,132,0.007068752,332,0.263528758,738,0.013740815,301,0.004081566,295
0.154973993,6        92,0.006848807,948,0.263528758,748,0.013740815,292,0.004056843,291
0.153654926,110,0.00683827,335,0.263528758,417,0.013740815,297,0.004001208,255
0.153500439,375,0.00683827,334,0.263528758,520,0.013740815,291,0.004001208,254
0.15291825,1       178,0.006530547,257,0.263528758,19,0.013740815,289,0.003998916,340
0.15291825,1       316,0.006434375,426,0.263528758,12,0.013740815,290,0.003969772,253
0.151131236,4       186,0.006434375,425,0.263528758,1382,0.013740815,244,0.003945172,377
0.149581048,9,0.006434375,437,0.263528758,1383,0.013740815,339,0.003945172,375
0.149581048,1267,0.006355567,339,0.263528758,6,0.013740815,349,0.003945172,376
0.149145353,3       241,0.006227373,320,0.263528758,730,0.013740815,357,0.003921104,533
0.147136554,8       236,0.006227373,319,0.263528758,735,0.013740815,345,0.003886889,292
0.144426326,64,0.006224675,882,0.263528758,1393,0.013740815,344,0.003881774,721
0.144376034,5       655,0.006021869,455,0.263528758,1392,0.013740815,342,0.003881774,722
0.144000421,127,0.006021869,453,0.263528758,8,0.013740815,343,0.003881774,703
0.142947729,3       193,0.006021869,424,0.263528758,1387,0.013740815,356,0.003881774,724
0.142606534,21,0.006021869,454,0.263528758,424,0.013740815,347,0.003881774,720
0.139210621,5        10,0.006021869,168,0.263528758,425,0.013740815,355,0.003881774,726
0.135926568,740,0.006021869,456,0.263528758,1360,0.013740815,354,0.003881774,710
0.134084176,4       612,0.005916328,336,0.263528758,1359,0.013740815,351,0.003881774,719
0.134084176,4       669,0.005916328,337,0.263528758,529,0.013740815,352,0.003881774,727
0.128996081,5        58,0.005881733,713,0.263528758,1322,0.013740815,348,0.003881774,711
0.128600202,249,0.005866501,70,0.263528758,1325,0.013740815,358,0.003881774,728
0.128254829,2       400,0.005673432,330,0.263528758,530,0.013740815,359,0.003881774,715
0.1259785,331,0.005476125,1164,0.263528758,1319,0.013740815,350,0.003881774,718
0.1259785,244,0.005476125,1163,0.263528758,1318,0.013740815,361,0.003881774,716
0.125114447,3        94,0.005476125,159,0.263528758,531,0.013733883,662,0.003846727,287
0.123945735,5       566,0.005476125,1162,0.263528758,1313,0.013639285,711,0.003843904,317
0.123945735,5      1265,0.005476125,1160,0.263528758,50,0.013639285,775,0.003817552,1249
0.123428907,3       460,0.005476125,158,0.263528758,526,0.013639285,258,0.003807484,339
0.122444204,3        57,0.005476125,1159,0.263528758,1358,0.013639285,509,0.003807286,1241
0.122444204,3       304,0.005476125,1161,0.263528758,1356,0.012742424,708,0.003790539,224
0.122329004,3       464,0.005476125,1175,0.263528758,1357,0.012728878,55,0.003787894,855
0.121059225,739,0.005476125,52,0.263528758,427,0.010279966,694,0.003787894,849
0.120477972,9        95,0.005476125,53,0.263528758,741,0.010279966,777,0.003776392,353
0.119790544,8       423,0.005456943,113,0.263528758,35,0.010279966,778,0.003766936,523
0.11893255,1160,0.005456943,1174,0.263528758,37,0.010279966,779,0.003744652,264
0.11893255,1134,0.005456943,114,0.263528758,1341,0.010279966,693,0.003744652,265
0.11893255,663,0.00543996,501,0.263528758,744,0.010279966,702,0.003720222,529
0.1174962,8       211,0.005427137,188,0.263528758,553,0.010279966,516,0.003718846,492
0.1174962,8       518,0.005400284,666,0.263528758,331,0.010279966,507,0.003686233,858
0.1174962,8      1018,0.005370667,183,0.263528758,392,0.010279966,699,0.003672518,697
0.116175708,2       748,0.005370667,185,0.263528758,1155,0.010279966,700,0.003639289,688
0.116175708,2       776,0.005165402,322,0.263528758,704,0.010279966,506,0.003621464,350
0.116175708,2       261,0.005165402,323,0.263528758,496,0.010279966,695,0.003621464,349
0.115874487,5       124,0.005047461,792,0.263528758,388,0.010279966,504,0.003620988,258
0.113955953,801,0.005027221,186,0.263528758,1152,0.010279966,701,0.003565143,702
0.113955953,833,0.004946247,340,0.263528758,793,0.010279966,698,0.003565143,712
0.113955953,893,0.004931791,331,0.263528758,795,0.010279966,697,0.003565143,713
0.113955953,880,0.004896501,56,0.263528758,1146,0.010279966,511,0.003563877,259
0.113955953,1006,0.004475075,422,0.263528758,149,0.010279966,64,0.003554815,252
0.113955953,991,0.004475075,170,0.263528758,497,0.010279966,63,0.003515373,954
0.113955953,405,0.004475075,169,0.263528758,383,0.010279966,515,0.003441035,5
0.113955953,403,0.004475075,423,0.263528758,500,0.010279966,514,0.003434872,532
0.113955953,615,0.004384683,958,0.263528758,384,0.010279966,513,0.003434872,498
0.110673885,106,0.004355752,891,0.263528758,143,0.010279966,696,0.003434525,286
0.106513793,374,0.004355752,879,0.263528758,135,0.010279966,704,0.003407372,187
0.105434559,397,0.004338003,714,0.263528758,772,0.010279966,730,0.003388942,1253
0.104110299,4      1187,0.004299142,744,0.263528758,788,0.010279966,736,0.003388942,1250
0.103618258,5       492,0.004230277,326,0.263528758,1169,0.010279966,716,0.003388942,1243
0.10286539,1       831,0.004230277,327,0.263528758,142,0.010279966,715,0.003388942,1256
0.102257147,5       118,0.004230277,328,0.263528758,1100,0.010279966,717,0.003388942,1248
0.101886787,108,0.004230277,325,0.263528758,159,0.010279966,713,0.003388942,1245
0.101746976,93,0.004230277,324,0.263528758,131,0.010279966,718,0.003376919,158
0.101734346,9       247,0.004084429,650,0.263528758,808,0.010279966,714,0.00337237,1117
0.101734346,9       408,0.004063249,174,0.263528758,594,0.010279966,712,0.003372363,9
0.098503226,9       172,0.004063249,173,0.263528758,593,0.010279966,735,0.003372363,878
0.098345147,6        73,0.004063249,172,0.263528758,809,0.010279966,706,0.003372363,852
0.097780853,7       109,0.004044996,329,0.263528758,810,0.010279966,705,0.003372363,21
0.097329534,6       137,0.003923919,118,0.263528758,185,0.010279966,707,0.003372363,1029
0.096032412,9       293,0.003922187,585,0.263528758,491,0.010279966,710,0.003366219,29
0.096032412,9       248,0.003919833,80,0.263528758,187,0.010279966,709,0.003350799,354
0.094404458,9       675,0.00391908,1276,0.263528758,1122,0.010279966,719,0.003350799,351
0.094404458,9       816,0.003856512,695,0.263528758,592,0.010279966,720,0.003348529,367
0.093283898,4       219,0.003823886,468,0.263528758,161,0.010279966,721,0.003345383,316
0.092942185,9       143,0.003815181,522,0.263528758,167,0.010279966,732,0.003297897,338
0.09227594,2       335,0.003693187,98,0.263528758,192,0.010279966,731,0.003287492,892
0.089602674,4      1268,0.003646007,584,0.263528758,590,0.010279966,733,0.003253834,698
0.089602674,4       662,0.003645937,1178,0.263528758,168,0.010279966,722,0.003244486,153
0.089602674,4      1281,0.003645937,1180,0.263528758,803,0.010279966,734,0.00319551,305
0.088543345,5       217,0.003645937,1061,0.263528758,587,0.010279966,1153,0.003160348,357
0.088361002,2       101,0.003645937,1062,0.263528758,492,0.010279966,729,0.003148664,251
0.087596005,5       391,0.003645937,1181,0.263528758,702,0.010279966,728,0.003139587,163
0.086760494,7       296,0.003645937,1176,0.263528758,784,0.010279966,727,0.003122592,337
0.084923611,4        72,0.003645937,1177,0.263528758,434,0.010279966,724,0.003113339,315
0.084834314,433,0.003645937,1173,0.263528758,1206,0.010279966,725,0.003089548,500
0.084834314,614,0.003645937,1123,0.263528758,783,0.010279966,726,0.003076639,1236
0.084256075,7       141,0.003645937,1168,0.263528758,1202,0.010279966,692,0.0030614,298
0.083202938,4       318,0.003645937,1166,0.263528758,394,0.010279966,691,0.0030614,303
0.082948282,722,0.003645937,1165,0.263528758,1199,0.010279966,259,0.002978437,276
0.082948282,175,0.003645937,1158,0.263528758,1215,0.010279966,247,0.002977871,342
0.0821722,3       190,0.003645937,1157,0.263528758,119,0.010279966,1129,0.002977871,364
0.081507229,6        69,0.003645937,1155,0.263528758,1203,0.010279966,248,0.002977871,341
0.080098893,6        53,0.003645937,1060,0.263528758,1204,0.010279966,415,0.002977871,425
0.080098893,6       436,0.003645937,1167,0.263528758,1181,0.010279966,250,0.002970874,1255
0.079160201,6       310,0.003645937,1169,0.263528758,110,0.010279966,416,0.002970852,1246
0.079160201,6       832,0.003645937,1172,0.263528758,779,0.010279966,246,0.002970852,1234
0.079160201,6       220,0.003645937,1154,0.263528758,395,0.010279966,245,0.002970852,1247
0.078352051,1303,0.003645937,1170,0.263528758,600,0.010279966,249,0.002970852,528
0.078332309,787,0.003645937,1171,0.263528758,708,0.010279966,1152,0.002970852,1230
0.078332309,772,0.003636364,1260,0.263528758,1098,0.010279966,703,0.002970852,1259
0.075395937,3       851,0.003636364,1153,0.263528758,1224,0.010279966,257,0.002970852,1233
0.075395937,3       860,0.003636364,1272,0.263528758,505,0.010279966,253,0.002970852,1254
0.075395937,3       712,0.003584428,182,0.263528758,1229,0.010279966,403,0.002970852,1257
0.075395937,3       813,0.003584428,181,0.263528758,1232,0.010279966,256,0.002970852,1235
0.075395937,3      1215,0.003584428,180,0.263528758,129,0.010279966,866,0.002970852,1237
0.073747636,3       337,0.003569963,673,0.263528758,572,0.010279966,255,0.002970852,527
0.073747636,3       728,0.003241102,341,0.263528758,557,0.010279966,254,0.002970852,1252
0.072539741,2       494,0.003241102,187,0.263528758,1230,0.010212513,20,0.002970852,1251
0.070724982,3       690,0.003241102,171,0.263528758,778,0.010212513,529,0.002970852,1244
0.070724982,3      1147,0.003241102,177,0.263528758,128,0.008614132,181,0.002970852,1258
0.070724982,3       661,0.003212363,950,0.263528758,1192,0.008164552,1271,0.002970852,1238
0.070724982,3       240,0.003016016,495,0.263528758,122,0.007278713,431,0.002970852,1240
0.070724982,3       201,0.003012303,1039,0.248350488,44,0.006836332,525,0.002970852,1239
0.070724982,3       817,0.00296092,176,0.230167485,120,0.006836332,872,0.002970852,1231
0.06859261,9       798,0.002936507,382,0.227822749,570,0.006836332,524,0.002952387,157
0.067445344,2        75,0.002766649,728,0.218995259,474,0.006836332,526,0.002950766,335
0.066085575,1       824,0.002762707,486,0.218248952,1217,0.006836332,409,0.002950766,336
0.066085575,1       866,0.002762707,524,0.209158956,1297,0.006836332,527,0.002950766,301
0.066085575,1      1137,0.002762707,531,0.209158956,82,0.006836332,528,0.002949919,1028
0.066085575,1       656,0.002762707,526,0.190874505,1106,0.006836332,45,0.002949919,1022
0.066085575,1       605,0.002762707,485,0.190874505,25,0.006836332,408,0.002949919,881
0.066085575,1       658,0.002762707,525,0.177243289,560,0.006836332,530,0.002949919,857
0.066085575,1       660,0.002762707,381,0.177243289,724,0.006836332,407,0.002949919,1027
0.064670431,5       414,0.002762707,530,0.177243289,657,0.006836332,523,0.002949919,883
0.064670431,5       759,0.002762707,528,0.177243289,758,0.006836332,647,0.002949919,853
0.064126409,7       292,0.002762707,529,0.177243289,642,0.006836332,404,0.002949919,1025
0.063691296,1       443,0.002762707,527,0.177243289,1197,0.006836332,405,0.002949919,1026
0.063038801,3      1155,0.002549585,881,0.17505584,639,0.006836332,406,0.002949919,882
0.061477272,2       161,0.002549585,893,0.17505584,183,0.006836332,410,0.002949919,851
0.061477272,2       162,0.002549585,892,0.163882003,22,0.006836332,411,0.002949919,884
0.061477272,2       672,0.002549585,888,0.163882003,539,0.006836332,871,0.002949919,1032
0.061477272,2       667,0.002549585,886,0.161432629,1233,0.006836332,531,0.002949919,886
0.061477272,2      1262,0.002549585,895,0.154237999,532,0.006836332,1270,0.002949919,6
0.061477272,2      1222,0.002549585,889,0.146403159,717,0.006836332,868,0.002949919,1031
0.06077288,688,0.002549585,880,0.146403159,317,0.006836332,869,0.002949919,586
0.060177047,8       788,0.002549585,897,0.146403159,111,0.006836332,873,0.002949919,885
0.059689677,65      294,0.002549585,890,0.146403159,865,0.006836332,870,0.002949919,1030
0.056899639,24     1105,0.002549585,884,0.146403159,137,0.006836332,535,0.002949919,1024
0.056899639,24      659,0.002549585,883,0.137925381,731,0.006836332,1027,0.002949919,856
0.056899639,24      989,0.002549585,887,0.137925381,855,0.006836332,534,0.002949919,877
0.056899639,24     1221,0.002549585,896,0.137925381,798,0.006836332,532,0.002949919,879
0.056899639,24     1201,0.002549585,885,0.137925381,838,0.006836332,1251,0.002949919,875
0.056899639,24     1228,0.002549585,959,0.137925381,781,0.006836332,412,0.002949919,854
0.056899639,24     1226,0.002549585,922,0.137925381,406,0.006836332,533,0.002949919,1015
0.056899639,24      676,0.002549585,955,0.137925381,797,0.006836332,520,0.002949919,859
0.056252434,3       994,0.002549585,956,0.137925381,796,0.006836332,1159,0.002949919,874
0.055713254,3       807,0.002549585,957,0.137925381,356,0.006836332,867,0.002949919,873
0.05495864,7       495,0.002493341,144,0.137925381,612,0.006836332,522,0.002949919,876
0.052352252,5      1217,0.002486613,178,0.137925381,728,0.006836332,1108,0.002949919,880
0.052352252,5       695,0.002486613,342,0.137925381,1027,0.006836332,501,0.002948345,700
0.052352252,5       691,0.002486613,343,0.137925381,1201,0.006836332,805,0.002948345,699
0.0517617,7       314,0.002486613,184,0.137925381,1194,0.006836332,784,0.002946849,2
0.051278647,3       306,0.002483384,700,0.137925381,574,0.006836332,802,0.002946849,8
0.051278647,3       721,0.002483384,699,0.137925381,1218,0.006836332,801,0.002943778,674
0.047834695,84     1203,0.002442807,506,0.137925381,98,0.006836332,497,0.002937329,808
0.047834695,84     1263,0.002348786,535,0.137925381,97,0.006836332,493,0.002892229,314
0.047834695,84      875,0.002311064,502,0.137925381,1276,0.006836332,852,0.002884911,232
0.047834695,84      704,0.00227939,534,0.137925381,274,0.006836332,1124,0.002836492,299
0.047834695,84     1264,0.002273449,652,0.137925381,84,0.006836332,519,0.00282265,424
0.047834695,84     1274,0.002273449,627,0.137925381,139,0.006836332,518,0.002807472,847
0.047834695,84     1273,0.002273449,821,0.137925381,582,0.006836332,517,0.002801892,535
0.047834695,84     1292,0.002273449,857,0.137925381,1304,0.006836332,964,0.00278281,306
0.047834695,84       14,0.002273449,1179,0.137925381,622,0.006836332,1146,0.00278281,304
0.047834695,84       13,0.002263841,813,0.137925381,1085,0.006836332,798,0.002745379,321
0.047834695,84       12,0.002263841,970,0.137925381,458,0.006836332,804,0.00273501,345
0.047834695,84       11,0.002263841,843,0.137925381,589,0.006836332,791,0.00273501,355
0.047300271,6       200,0.002263841,969,0.137925381,604,0.006836332,787,0.00273501,343
0.046872832,94      753,0.002263841,638,0.137925381,606,0.006836332,790,0.00273501,348
0.046231839,8       481,0.002214897,59,0.137925381,493,0.006836332,788,0.00273501,356
0.046231839,8       491,0.002091947,871,0.137925381,1056,0.006836332,789,0.00273501,344
0.043346563,9      1204,0.002091911,760,0.137925381,1147,0.006836332,785,0.00273501,358
0.043346563,9      1159,0.002083408,511,0.137925381,214,0.006836332,521,0.002667624,953
0.043346563,9       693,0.0020781,175,0.137925381,67,0.006836332,853,0.002666621,154
0.043346563,9       842,0.0020781,459,0.137925381,88,0.006802721,1034,0.002658681,176
0.043346563,9       907,0.002019071,503,0.137925381,664,0.006802721,1231,0.002603119,795
0.043346563,9      1247,0.002019071,498,0.137925381,905,0.006802721,21,0.002603119,796
0.043346563,9        89,0.002019071,499,0.137925381,57,0.006802721,1174,0.002603119,794
0.042867752,5       213,0.002019071,523,0.137925381,937,0.006802721,1131,0.002603119,793
0.042867752,5       105,0.002019071,500,0.137925381,660,0.006802721,1198,0.002566328,188
0.042495421,36      260,0.002019071,507,0.137925381,2,0.006802721,1244,0.002527733,3
0.038887457,567,0.002019071,504,0.137925381,908,0.006802721,1181,0.002527733,4
0.038887457,1013,0.002019071,421,0.137925381,942,0.006802721,1247,0.002527733,10
0.038887457,104,0.002019071,420,0.137925381,535,0.006802721,1184,0.002527733,7
0.038887457,102,0.002019071,484,0.125309844,337,0.006802721,990,0.002527733,15
0.038887457,99,0.001972581,133,0.118919864,1154,0.006802721,25,0.002527733,695
0.038887457,1229,0.001922559,462,0.118919864,564,0.006802721,1272,0.002527733,675
0.038463754,135,0.001922559,460,0.112923715,790,0.006802721,8,0.002527733,1
0.038146034,2       736,0.001922559,463,0.112923715,635,0.006802721,1267,0.002527733,1000
0.038146034,2       257,0.001862101,102,0.112923715,1117,0.006802721,1230,0.002527733,1023
0.038146034,2       358,0.001820769,124,0.112923715,272,0.006802721,1255,0.002527733,1011
0.037934247,7       738,0.001820597,783,0.109766601,1398,0.006802721,1226,0.002527733,1019
0.037782115,8       537,0.001820597,784,0.109766601,1257,0.006802721,1228,0.002527733,1020
0.034456989,8      1206,0.001820588,597,0.109766601,1335,0.006797661,168,0.002527733,1021
0.034456989,8       144,0.001820588,544,0.100758359,227,0.006797661,180,0.002527733,968
0.034456989,8      1208,0.00182058,1090,0.100758359,180,0.006797661,185,0.002527733,1018
0.034456989,8       599,0.00182058,1103,0.100758359,1362,0.00669471,194,0.002527733,1017
0.034456989,8       685,0.00182058,1085,0.100758359,438,0.005272556,182,0.002527733,1001
0.034456989,8       134,0.00182058,872,0.100758359,1157,0.005077342,684,0.002527733,1013
0.034456989,8       606,0.00182058,866,0.100758359,901,0.004805524,335,0.002527733,1014
0.034456989,8      1232,0.001820571,1146,0.100758359,486,0.00471879,229,0.002527733,1012
0.034456989,8        24,0.001820571,1143,0.100758359,599,0.004235077,29,0.002527733,1016
0.034456989,8      1150,0.001820571,1101,0.100758359,1149,0.004235077,889,0.002527733,863
0.034087897,14      119,0.001820571,1150,0.100758359,605,0.003753072,5,0.002527733,969
0.033824299,1       262,0.001820571,1151,0.100758359,1363,0.003409792,941,0.002527733,1004
0.033824299,1       729,0.001820571,1098,0.100758359,1060,0.003409792,927,0.002527733,32
0.033824299,1       750,0.001820571,1105,0.100758359,725,0.003409792,1183,0.002527733,1036
0.033824299,1       773,0.001820571,1106,0.100758359,1151,0.003409792,929,0.002527733,1035
0.033824299,1       245,0.001820571,1148,0.100758359,437,0.003409792,22,0.002527733,974
0.033824299,1       749,0.001820571,1096,0.100758359,538,0.003409792,953,0.002527733,1037
0.033824299,1       733,0.001820571,1115,0.100758359,1349,0.003409792,26,0.002527733,975
0.033824299,1       263,0.001820571,1144,0.100758359,835,0.003409792,1001,0.002527733,1034
0.033824299,1       760,0.001820571,1142,0.100758359,450,0.003409734,568,0.002527733,999
0.033824299,1       757,0.001820571,1145,0.100758359,1300,0.003409734,556,0.002527733,1003
0.030054775,68      116,0.001820571,1149,0.100758359,579,0.003409734,634,0.002527733,977
0.030054775,68      129,0.001820571,1152,0.100758359,59,0.003409734,571,0.002527733,31
0.030054775,68      128,0.001820571,1107,0.100758359,398,0.003409734,623,0.002527733,868
0.030054775,68      624,0.001820571,1108,0.100758359,637,0.003409734,579,0.002527733,30
0.030054775,68       45,0.001820571,1097,0.100758359,970,0.003409734,1280,0.002527733,971
0.030054775,68      707,0.001820571,1156,0.100758359,1330,0.003409734,502,0.002527733,28
0.030054775,68      694,0.001820571,1270,0.100758359,686,0.003409734,23,0.002525175,16
0.030054775,68      112,0.001820571,1266,0.100758359,926,0.003409734,17,0.002525175,867
0.030054775,68       41,0.001820571,1275,0.100758359,1214,0.003409734,27,0.00252364,693
0.030054775,68      111,0.001820571,1277,0.100758359,932,0.003409734,24,0.002498117,365
0.030054775,68      120,0.001820571,1271,0.100758359,36,0.003409734,28,0.002498117,362
0.030054775,68      117,0.001820571,1104,0.100758359,366,0.003409734,499,0.002498117,347
0.030054775,68      115,0.001820571,1255,0.09342226,257,0.003409734,33,0.002498117,346
0.030054775,68      920,0.001820571,1269,0.077057884,1002,0.003409734,31,0.002498117,361
0.030054775,68      597,0.001820571,1268,0.076857646,1081,0.003409734,30,0.002498117,363
0.030054775,68     1249,0.001820571,1267,0.060912893,1268,0.003409734,16,0.002498117,366
0.030054775,68     1019,0.001820571,1102,0.060912893,1291,0.003409734,15,0.002498117,360
0.029739807,82      222,0.001820571,1265,0.042973868,176,0.003409734,14,0.002481326,323
0.029739807,82     1115,0.001820571,1100,0.042973868,916,0.003409734,3,0.002468678,231
0.029739807,82      146,0.001820571,1099,0.042973868,1284,0.003409734,2,0.002460003,174
0.029424885,3       458,0.001820571,1259,0.031977291,1087,0.003409734,11,0.002454823,161
0.029424885,3       349,0.001820571,1257,0.021153104,10,0.003409734,4,0.002454823,164
0.025684535,3      1225,0.001820571,1147,0.021153104,805,0.003409734,6,0.002444918,173
0.025680444,64     1123,0.001820571,1256,0.021153104,490,0.003409734,7,0.002444918,180
0.025680444,64      925,0.001820571,1264,0.021153104,1013,0.003409734,9,0.002416777,502
0.025680444,64      923,0.001820571,1258,0.021153104,253,0.003409734,10,0.002416777,505
0.025680444,64     1146,0.001820571,1261,0.021153104,989,0.003409734,34,0.002416777,503
0.025680444,64      927,0.001820571,1263,0.021153104,252,0.003409734,35,0.002416777,496
0.025680444,64      637,0.001820571,1262,0.021153104,441,0.003409734,48,0.002416777,504
0.025680444,64     1135,0.001807953,407,0.010495763,987,0.003409734,490,0.002404759,952
0.025680444,64     1103,0.001807953,344,0.010495763,964,0.003409734,489,0.002399826,184
0.025680444,64     1102,0.001807953,404,0.010495763,1279,0.003409734,487,0.002391076,234
0.025680444,64      670,0.001807953,405,0.010495763,860,0.003409734,492,0.002384769,1033
0.025680444,64     1295,0.001807953,406,0.010495763,107,0.003409734,494,0.002381119,169
0.025680444,64     1297,0.001807953,391,0.010495763,81,0.003409734,495,0.002357229,489
0.025680444,64     1136,0.001807953,403,0.010495763,260,0.003409734,496,0.002352454,199
0.025680444,64     1143,0.001807953,487,0.010495763,849,0.003409734,498,0.002332165,322
0.025680444,64      671,0.001807953,488,0.010495763,1112,0.003409734,488,0.002326877,196
0.025680444,64     1108,0.001807953,386,0.010495763,1292,0.003409734,486,0.002317365,183
0.025680444,64      913,0.001807953,394,0.010495763,385,0.003409734,52,0.002308883,1180
0.025680444,64      679,0.001807953,392,0.010495763,1298,0.003409734,413,0.002290838,334
0.025680444,64     1140,0.001807953,375,0.010495763,9,0.003409734,53,0.002241186,791
0.025680444,64     1084,0.00176384,672,0.010495763,736,0.003409734,483,0.002241186,1228
0.025680444,64       44,0.00176384,665,0.010495763,3,0.003409734,414,0.002241186,792
0.025680444,64     1055,0.00176384,668,0.010495763,949,0.003409734,479,0.002241186,965
0.025680444,64      205,0.00176384,671,0.010495763,325,0.003409734,480,0.002236897,262
0.025680444,64      206,0.00176384,669,0.010495763,1380,0.003409734,481,0.002236897,263
0.025680444,64      207,0.00176384,670,0.010495763,16,0.003409734,482,0.002236897,261
0.025680444,64      208,0.001675314,58,0.010495763,675,0.003409734,1279,0.002236897,260
0.025680444,64      484,0.001638438,179,0.010495763,911,0.003409734,1,0.002236897,181
0.025680444,64     1041,0.001575404,60,0.010495763,940,0.003409734,1005,0.002196988,797
0.025680444,64      204,0.001499253,457,0.010495763,871,0.003409734,855,0.002186407,285
0.025680444,64      203,0.001431165,79,0.010495763,341,0.003409734,851,0.00214751,320
0.025680444,64     1192,0.001382131,946,0.010495763,1296,0.003409734,854,0.00214751,324
0.025680444,64      581,0.001382131,944,0.010495763,670,0.003409734,856,0.002140653,230
0.025680444,64     1209,0.001382131,945,0.010495763,1144,0.003409734,861,0.002105803,988
0.025680444,64      202,0.001382131,797,0.010495763,241,0.003409734,858,0.002105803,983
0.025680444,64      510,0.001382131,947,0.010495763,694,0.003409734,859,0.002105803,987
0.025680444,64       46,0.001382131,942,0.010495763,247,0.003409734,850,0.002105803,1042
0.025680444,64     1051,0.001382131,796,0.010495763,162,0.003409734,849,0.002105803,984
0.025680444,64     1133,0.001382131,949,0.010495763,616,0.003409734,848,0.002105803,985
0.025680444,64       55,0.001382131,943,0.010495763,824,0.003409734,847,0.002105803,986
0.025680444,64      402,0.001382131,905,0.010495763,1020,0.003409734,842,0.002105803,998
0.025680444,64      845,0.001382131,941,0.010495763,1132,0.003409734,843,0.002105803,1002
0.025680444,64     1086,0.001382131,806,0.010495763,1216,0.003409734,844,0.002105803,1043
0.025680444,64      983,0.001382131,807,0.010495763,802,0.003409734,845,0.002105803,989
0.025680444,64      868,0.001382131,805,0.008190134,11,0.003409734,846,0.002105803,992
0.025680444,64      873,0.001382131,810,0.002634053,93,0.003409734,860,0.002105803,993
0.025680444,64      430,0.001382131,804,0,504,0.003409734,862,0.002105803,996
0.025680444,64      841,0.001382131,809,0,463,0.003409734,1135,0.002105803,991
0.02541912,28      493,0.001382131,811,0,426,0.003409734,1128,0.002105803,980
0.025262341,45      758,0.001382131,802,0,464,0.003409734,1126,0.002105803,1045
0.025262341,45      343,0.001382131,899,0,494,0.003409734,1127,0.002105803,997
0.021333629,07      466,0.001382131,900,0,488,0.003409734,1130,0.002105803,990
0.021333629,07      462,0.001382131,898,0,436,0.003409734,864,0.002105803,870
0.021333629,07     1183,0.001382131,878,0,459,0.003409734,1132,0.002105803,981
0.021333629,07      635,0.001382131,940,0,460,0.003409734,1133,0.002105803,871
0.021333629,07      465,0.001382131,803,0,461,0.003409734,1123,0.002105803,639
0.021333629,07     1109,0.001382131,801,0,495,0.003409734,1122,0.002105803,1005
0.021333629,07      487,0.001382131,902,0,489,0.003409734,1121,0.002105803,1087
0.021333629,07      463,0.001382131,793,0,428,0.003409734,1053,0.002105803,860
0.021333629,07      483,0.001382131,798,0,453,0.003409734,865,0.002105803,1006
0.021333629,07      472,0.001382131,794,0,466,0.003409734,1085,0.002105803,1007
0.021333629,07      149,0.001382131,790,0,452,0.003409734,1110,0.002105803,979
0.021333629,07       68,0.001382131,795,0,448,0.003409734,1111,0.002105803,1010
0.021333629,07      822,0.001382131,791,0,432,0.003409734,1118,0.002105803,1009
0.021333629,07      828,0.001382131,789,0,503,0.003409734,841,0.002105803,1008
0.021333629,07      673,0.001382131,800,0,446,0.003409734,840,0.002105803,861
0.021333629,07       70,0.001382131,785,0,443,0.003409734,839,0.002105803,862
0.021333629,07       67,0.001382131,799,0,444,0.003409734,815,0.002105803,865
0.021125479,53      834,0.001382131,786,0,445,0.003409734,813,0.002105803,1041
0.021125479,53      499,0.001382131,788,0,502,0.003409734,814,0.002105803,978
0.021021411,9       373,0.001382131,787,0,501,0.003409734,817,0.002105803,17
0.021021411,9       363,0.001382131,901,0,423,0.003409734,838,0.002105803,976
0.021021411,9       771,0.001382131,69,0,429,0.003409734,818,0.002105803,1039
0.021021411,9       388,0.001382131,903,0,433,0.003409734,819,0.002105803,1038
0.021021411,9       396,0.001382131,919,0,468,0.003409734,812,0.002105803,972
0.021021411,9       741,0.001382131,920,0,430,0.003409734,811,0.002105803,864
0.018979984,2       689,0.001382131,904,0,442,0.003409734,810,0.002105803,866
0.017013972,1       457,0.001382131,918,0,469,0.003409734,809,0.002103758,660
0.017013972,1       459,0.001382131,917,0,435,0.003409734,799,0.002103758,691
0.017013972,1       461,0.001382131,916,0,449,0.003409734,800,0.002103758,687
0.017013972,1       346,0.001382131,915,0,1402,0.003409734,806,0.002102735,585
0.017013972,1       497,0.001382131,914,0,422,0.003409734,807,0.002091143,508
0.017013972,1       467,0.001382131,921,0,164,0.003409734,808,0.002091143,501
0.017013972,1       348,0.001382131,931,0,147,0.003409734,1012,0.002091143,526
0.017013972,1       347,0.001382131,932,0,146,0.003409734,821,0.002085139,14
0.017013972,1       152,0.001382131,937,0,145,0.003409734,822,0.002044168,22
0.017013972,1       455,0.001382131,939,0,158,0.003409734,831,0.002044168,845
0.017013972,1       496,0.001382131,938,0,165,0.003409734,833,0.002034913,177
0.017013972,1       456,0.001382131,936,0,175,0.003409734,834,0.002000044,1273
0.017013972,1       708,0.001382131,933,0,169,0.003409734,835,0.001999948,172
0.017013972,1       454,0.001382131,935,0,173,0.003409734,836,0.001985272,220
0.017013972,1       446,0.001382131,934,0,171,0.003409734,837,0.001974488,235
0.017013972,1       929,0.001382131,913,0,170,0.003409734,832,0.001971989,229
0.017013972,1       445,0.001382131,912,0,144,0.003409734,830,0.001962323,850
0.017013972,1      1120,0.001382131,911,0,141,0.003409734,823,0.00192798,423
0.017013972,1       861,0.001382131,906,0,140,0.003409734,829,0.001892802,178
0.017013972,1      1289,0.001382131,910,0,138,0.003409734,824,0.001886692,1187
0.017013972,1       448,0.001382131,68,0,126,0.003409734,825,0.001886692,1178
0.017013972,1       449,0.001382131,907,0,125,0.003409734,826,0.001886289,1222
0.017013972,1       450,0.001382131,908,0,124,0.003409734,827,0.001886289,1224
0.017013972,1       453,0.001382131,909,0,127,0.003409734,828,0.001886289,1227
0.017013972,1       452,0.001358796,705,0,130,0.003409734,1134,0.001886289,1226
0.017013972,1       451,0.001358796,701,0,132,0.003409734,1039,0.001886289,1225
0.017013972,1       933,0.001358796,704,0,136,0.003409734,796,0.001886289,1223
0.016858533,65     1200,0.001358796,736,0,134,0.003409734,984,0.001886289,1218
0.016858533,65      438,0.001358796,735,0,133,0.003409734,982,0.001886289,1221
0.016858533,65      439,0.001358796,738,0,174,0.003409734,983,0.001886289,790
0.016806723,8       743,0.001358796,737,0,177,0.003409734,985,0.001886289,846
0.016806723,8       768,0.001358796,739,0,115,0.003409734,992,0.001886289,1217
0.012721121,73      795,0.001358796,703,0,220,0.003409734,986,0.001886289,1220
0.012721121,73      399,0.001284122,461,0,218,0.003409734,987,0.001886289,1219
0.012721121,73      404,0.001215049,494,0,217,0.003409734,981,0.001886289,1229
0.012721121,73     1276,0.001215049,492,0,212,0.003409734,980,0.001871826,300
0.012721121,73      398,0.001215049,497,0,219,0.003409734,979,0.001804352,248
0.012721121,73     1202,0.001215049,493,0,221,0.003409734,978,0.001797823,237
0.012721121,73     1207,0.001215049,345,0,179,0.003409734,972,0.001774282,810
0.012721121,73      799,0.001215049,348,0,222,0.003409734,973,0.001774282,807
0.012721121,73      351,0.001215049,372,0,226,0.003409734,974,0.001739736,901
0.012721121,73      794,0.001199243,57,0,224,0.003409734,975,0.001717412,193
0.012721121,73      394,0.001199243,54,0,223,0.003409734,977,0.0017168,195
0.012721121,73     1212,0.001199243,55,0,210,0.003409734,991,0.001702932,208
0.012721121,73      264,0.001095936,388,0,209,0.003409734,993,0.001700714,536
0.012721121,73      616,0.001095936,384,0,208,0.003409734,1038,0.00168413,676
0.012721121,73      299,0.001095936,390,0,207,0.003409734,1007,0.00168413,689
0.012721121,73     1261,0.001095936,389,0,191,0.003409734,1136,0.00168413,681
0.012721121,73      442,0.001095936,377,0,186,0.003409734,1006,0.00168413,673
0.012721121,73      425,0.001095936,393,0,181,0.003409734,1008,0.00168413,588
0.012721121,73      421,0.001095936,374,0,193,0.003409734,994,0.00168413,47
0.012721121,73      297,0.001095936,373,0,194,0.003409734,1009,0.00168413,672
0.012721121,73      441,0.001095936,376,0,196,0.003409734,1010,0.00168413,665
0.012721121,73      422,0.001095936,379,0,205,0.003409734,1004,0.00168413,53
0.012721121,73     1258,0.001095936,378,0,203,0.003409734,1003,0.00168413,52
0.012617939,08      761,0.001095936,380,0,202,0.003409734,1002,0.00168413,49
0.012617939,08      806,0.001095936,396,0,116,0.003409734,1000,0.00168413,653
0.012617939,08      345,0.001095936,395,0,114,0.003409734,995,0.00168413,659
0.012617939,08      808,0.001095936,399,0,421,0.003409734,996,0.00168413,661
0.012617939,08      359,0.001095936,402,0,54,0.003409734,997,0.00168413,664
0.012617939,08      258,0.001095936,400,0,52,0.003409734,998,0.00168413,662
0.012617939,08      361,0.001095936,401,0,51,0.003409734,999,0.00168413,671
0.012617939,08     1301,0.001095936,397,0,48,0.003409734,971,0.001682597,33
0.008454733,33      780,0.001095936,398,0,53,0.003409734,970,0.001682597,579
0.008454733,33      782,0.00106085,61,0,55,0.003409734,969,0.001682086,596
0.008454733,33      781,0.00106085,62,0,63,0.003409734,1024,0.001650354,175
0.008454733,33      779,0.000938207,533,0,56,0.003409734,1026,0.001641691,277
0.008454733,33      767,0.000907216,64,0,61,0.003409734,1025,0.001627102,626
0.008454733,33      778,0.000900962,664,0,60,0.003409734,1023,0.001593077,1200
0.008454733,33      392,0.000900962,761,0,58,0.003409734,968,0.001593077,1205
0.008454733,33      770,0.000900962,758,0,47,0.003409734,1022,0.001593077,1201
0.008454733,33      777,0.000900962,894,0,46,0.003409734,1021,0.001593077,1214
0.008454733,33      528,0.000900962,759,0,42,0.003409734,1028,0.001593077,1212
0.008454733,33      393,0.000891318,1028,0,41,0.003409734,1029,0.001593077,1190
0.008454733,33     1186,0.000850364,467,0,14,0.003409734,1030,0.001579139,1276
0.008454733,33      774,0.000850364,475,0,7,0.003409734,1031,0.001579139,1265
0.008454733,33      775,0.000850364,474,0,4,0.003409734,1037,0.001575405,959
0.008454733,33      783,0.000850364,469,0,15,0.003409734,1036,0.001556288,233
0.008454733,33      789,0.000850364,470,0,17,0.003409734,1035,0.001540135,788
0.008454733,33      785,0.000850364,471,0,18,0.003409734,1033,0.001540135,789
0.008454733,33      406,0.000850364,473,0,39,0.003409734,1032,0.001540135,848
0.008454733,33      411,0.000850364,466,0,32,0.003409734,1020,0.001522971,203
0.008454733,33      797,0.00081432,362,0,21,0.003409734,1019,0.001522276,422
0.008454733,33      412,0.000720141,346,0,62,0.003409734,1018,0.001522276,421
0.008454733,33      410,0.000720141,349,0,64,0.003409734,959,0.001494188,198
0.008454733,33      214,0.000720141,347,0,113,0.003409734,962,0.001494188,197
0.008454733,33      409,0.000672457,730,0,103,0.003409734,963,0.001493298,213
0.008454733,33      802,0.000672457,731,0,101,0.003409734,965,0.001493298,211
0.008454733,33      803,0.000672457,727,0,100,0.003409734,966,0.001493298,212
0.008454733,33      804,0.000672457,729,0,99,0.003409734,967,0.001476448,12
0.008454733,33      407,0.000672457,733,0,102,0.003409734,960,0.001468503,182
0.008454733,33      796,0.000672457,726,0,104,0.003409734,958,0.001468503,179
0.008454733,33      786,0.000672457,732,0,65,0.003409734,1017,0.001467834,1183
0.008454733,33      413,0.000672457,749,0,106,0.003409734,956,0.001467834,1184
0.008454733,33      791,0.000672457,734,0,112,0.003409734,1016,0.001467834,1185
0.008454733,33      790,0.000672457,740,0,109,0.003409734,1015,0.001467834,1177
0.008454733,33      800,0.000672457,748,0,108,0.003409734,1014,0.001467834,1181
0.008454733,33      420,0.000672457,724,0,95,0.003409734,1013,0.001467834,1179
0.008454733,33      419,0.000672457,750,0,94,0.003409734,955,0.001467834,1182
0.008454733,33      417,0.000672457,747,0,92,0.003409734,797,0.001467834,805
0.008454733,33      793,0.000672457,746,0,91,0.003409734,820,0.001467834,803
0.008454733,33      416,0.000672457,745,0,72,0.003409734,795,0.001467834,801
0.008454733,33      792,0.000672457,741,0,71,0.003409734,1220,0.001467834,812
0.008454733,33     1310,0.000672457,742,0,66,0.003409734,1218,0.001467834,800
0.008454733,33      381,0.000672457,743,0,74,0.003409734,1217,0.001467834,799
0.008454733,33      182,0.000672457,725,0,76,0.003409734,1216,0.001467834,798
0.008454733,33      251,0.000672457,708,0,77,0.003409734,1215,0.001467834,804
0.008454733,33      181,0.000672457,723,0,87,0.003409734,1214,0.001467834,811
0.008454733,33      342,0.000672457,712,0,86,0.003409734,1219,0.001442758,191
0.008454733,33      737,0.000672457,710,0,85,0.003409734,1221,0.001425847,667
0.008454733,33      341,0.000672457,709,0,228,0.003409734,1212,0.0013876,240
0.008454733,33      735,0.000672457,707,0,229,0.003409734,1222,0.001341524,280
0.008454733,33      744,0.000672457,706,0,230,0.003409734,1229,0.001334896,246
0.008454733,33      746,0.000672457,702,0,365,0.003409734,1227,0.001334896,245
0.008454733,33      734,0.000672457,722,0,363,0.003409734,1225,0.00132964,488
0.008454733,33      747,0.000672457,711,0,362,0.003409734,1224,0.001286187,215
0.008454733,33      754,0.000672457,715,0,361,0.003409734,1223,0.001286187,205
0.008454733,33      752,0.000672457,719,0,364,0.003409734,1213,0.001286187,210
0.008454733,33      751,0.000672457,721,0,368,0.003409734,1211,0.001286187,214
0.008454733,33      578,0.000672457,716,0,374,0.003409734,1192,0.001286187,204
0.008454733,33     1205,0.000672457,720,0,369,0.003409734,1200,0.001278005,537
0.008454733,33      340,0.000672457,718,0,372,0.003409734,1197,0.001278005,534
0.008454733,33      339,0.000672457,717,0,371,0.003409734,1196,0.001278005,487
0.008454733,33      755,0.000672457,698,0,370,0.003409734,1195,0.001277521,279
0.008454733,33      325,0.000646093,369,0,360,0.003409734,1194,0.001262715,1124
0.008454733,33     1239,0.000646093,371,0,359,0.003409734,1193,0.001262714,34
0.008454733,33      710,0.000646093,370,0,358,0.003409734,1199,0.001262714,37
0.008454733,33      709,0.000594238,66,0,357,0.003409734,1201,0.001262714,149
0.008454733,33     1224,0.000594238,65,0,343,0.003409734,1210,0.001262714,35
0.008454733,33     1288,0.000594238,63,0,339,0.003409734,1202,0.001262714,1287
0.008454733,33      324,0.000588398,994,0,338,0.003409734,1209,0.001262714,1091
0.008454733,33      327,0.00058633,514,0,344,0.003409734,1208,0.001262714,577
0.008454733,33      732,0.000495778,477,0,346,0.003409734,1207,0.001262714,578
0.008454733,33      329,0.000495778,476,0,348,0.003409734,1206,0.001262714,576
0.008454733,33      731,0.000460654,472,0,353,0.003409734,1205,0.001262714,1076
0.008454733,33     1244,0.000448066,634,0,352,0.003409734,1232,0.001261692,580
0.008454733,33      253,0.000448057,643,0,351,0.003409734,1233,0.001261692,587
0.008454733,33      609,0.000448057,874,0,373,0.003409734,1234,0.001261692,1094
0.008454733,33      330,0.000448057,926,0,376,0.003409734,1268,0.001261692,590
0.008454733,33     1199,0.000448057,651,0,231,0.003409734,1265,0.001261692,621
0.008454733,33      344,0.000448057,653,0,412,0.003409734,1264,0.001234062,186
0.008454733,33      357,0.000448057,654,0,410,0.003409734,1263,0.001212531,802
0.008454733,33      554,0.000448057,649,0,409,0.003409734,1262,0.001212531,806
0.008454733,33      382,0.000448057,648,0,408,0.003409734,1261,0.001205171,966
0.008454733,33      380,0.000448057,647,0,411,0.003409734,1266,0.001205171,973
0.008454733,33      379,0.000448057,644,0,413,0.003409734,1269,0.001205171,786
0.008454733,33      384,0.000448057,645,0,378,0.003409734,1236,0.001205171,25
0.008454733,33      762,0.000448057,646,0,414,0.003409734,1273,0.001205171,844
0.008454733,33      387,0.000448057,655,0,420,0.003409734,1278,0.001205171,24
0.008454733,33      538,0.000448057,656,0,419,0.003409734,1277,0.001205171,23
0.008454733,33      765,0.000448057,657,0,416,0.003409734,1276,0.001205171,787
0.008454733,33      390,0.000448057,929,0,405,0.003409734,1275,0.001204984,284
0.008454733,33      376,0.000448057,928,0,404,0.003409734,1274,0.001194942,218
0.008454733,33      766,0.000448057,960,0,402,0.003409734,1260,0.001194942,219
0.008454733,33      555,0.000448057,930,0,401,0.003409734,1259,0.001183157,249
0.008454733,33      366,0.000448057,961,0,389,0.003409734,1258,0.001183157,242
0.008454733,33      370,0.000448057,658,0,387,0.003409734,1257,0.001183157,244
0.008454733,33      367,0.000448057,659,0,386,0.003409734,1245,0.001183157,247
0.008454733,33      365,0.000448057,660,0,390,0.003409734,1243,0.001183157,239
0.008454733,33      371,0.000448057,661,0,391,0.003409734,1242,0.001183157,243
0.008454733,33      362,0.000448057,963,0,393,0.003409734,1239,0.001179743,267
0.008454733,33      360,0.000448057,642,0,399,0.003409734,661,0.001173964,1206
0.008454733,33      372,0.000448057,641,0,397,0.003409734,1246,0.001173964,1199
0.008403361,51      333,0.000448057,623,0,396,0.003409734,1248,0.001173964,1198
0.008403361,51      548,0.000448057,624,0,336,0.003409734,1249,0.001173964,1210
0.004214469,46      317,0.000448057,967,0,334,0.003409734,1254,0.001173964,1213
0.004214469,46     1129,0.000448057,622,0,332,0.003409734,1256,0.001173964,1202
0.004214469,46      896,0.000448057,968,0,277,0.003409734,1253,0.001173964,930
0.004214469,46      319,0.000448057,856,0,275,0.003409734,1250,0.001173964,1203
0.004214469,46      904,0.000448057,973,0,273,0.003409734,1252,0.001173964,931
0.004214469,46     1302,0.000448057,972,0,261,0.003409734,794,0.001173964,1211
0.004214469,46     1144,0.000448057,971,0,276,0.003409734,1011,0.001173964,1208
0.004214469,46      908,0.000448057,965,0,278,0.003409734,1169,0.001173964,1207
0.004214469,46      303,0.000448057,628,0,330,0.003409734,1182,0.001173964,1197
0.004214469,46      312,0.000448057,640,0,279,0.003409734,1185,0.001173964,1196
0.004214469,46     1128,0.000448057,637,0,285,0.003409734,1180,0.001173964,1195
0.004214469,46      829,0.000448057,639,0,284,0.003409734,1177,0.001173964,1191
0.004214469,46     1266,0.000448057,633,0,280,0.003409734,1179,0.001173964,1216
0.004214469,46      287,0.000448057,636,0,259,0.003409734,1186,0.001173964,1188
0.004214469,46      311,0.000448057,632,0,258,0.003409734,1187,0.001173964,1186
0.004214469,46     1070,0.000448057,964,0,256,0.003409734,1188,0.001173964,1194
0.004214469,46      313,0.000448057,629,0,255,0.003409734,1189,0.001173964,813
0.004214469,46       63,0.000448057,630,0,239,0.003409734,1161,0.001173964,1192
0.004214469,46      320,0.000448057,631,0,236,0.003409734,1191,0.001173964,1215
0.004214469,46      843,0.000448057,927,0,234,0.003409734,1190,0.001173964,814
0.004214469,46      849,0.000448057,925,0,242,0.003409734,1178,0.001173964,1193
0.004214469,46      950,0.000448057,975,0,243,0.003409734,668,0.001173964,1209
0.004214469,46      862,0.000448057,924,0,246,0.003409734,1158,0.001160535,1149
0.004214469,46      826,0.000448057,839,0,254,0.003409734,1165,0.001158489,1278
0.004214469,46     1152,0.000448057,840,0,251,0.003409734,1166,0.001158489,1279
0.004214469,46      865,0.000448057,841,0,248,0.003409734,1164,0.001158489,1152
0.004214469,46      857,0.000448057,838,0,286,0.003409734,1176,0.001158489,567
0.004214469,46      836,0.000448057,837,0,287,0.003409734,1163,0.001158489,1159
0.004214469,46     1166,0.000448057,836,0,289,0.003409734,1167,0.001149903,189
0.004214469,46     1164,0.000448057,833,0,311,0.003409734,1168,0.001137939,955
0.004214469,46     1285,0.000448057,834,0,318,0.003409734,1170,0.001127715,170
0.004214469,46     1100,0.000448057,835,0,315,0.003409734,1171,0.001127715,185
0.004214469,46       62,0.000448057,842,0,313,0.003409734,1175,0.001104894,325
0.004214469,46      886,0.000448057,844,0,320,0.003409734,1173,0.001098648,207
0.004214469,46     1157,0.000448057,845,0,321,0.003409734,1172,0.001098648,216
0.004214469,46     1280,0.000448057,853,0,322,0.003409734,1160,0.001098648,209
0.004214469,46      228,0.000448057,854,0,329,0.003409734,1162,0.001096864,283
0.004214469,46      653,0.000448057,851,0,327,0.003409734,1157,0.001077093,281
0.004214469,46      815,0.000448057,852,0,323,0.003409734,1143,0.001077093,282
0.004214469,46      556,0.000448057,858,0,312,0.003409734,1137,0.001060908,202
0.004214469,46      553,0.000448057,846,0,309,0.003409734,1138,0.001060908,201
0.004214469,46     1011,0.000448057,847,0,293,0.003409734,1139,0.001056567,925
0.004214469,46      557,0.000448057,848,0,308,0.003409734,1140,0.001036731,486
0.004214469,46      558,0.000448057,849,0,298,0.003409734,682,0.001036731,485
0.004214469,46      634,0.000448057,832,0,297,0.003409734,690,0.001036731,538
0.004214469,46      559,0.000448057,831,0,295,0.003409734,780,0.001036731,539
0.004214469,46      560,0.000448057,830,0,299,0.003409734,781,0.00102576,192
0.004214469,46      552,0.000448057,814,0,512,0.003409734,792,0.001007244,556
0.004214469,46      550,0.000448057,815,0,301,0.003409734,793,0.00099925,238
0.004214469,46      703,0.000448057,873,0,307,0.003409734,786,0.00099925,250
0.004214469,46     1238,0.000448057,812,0,305,0.003409734,782,0.00099925,241
0.004214469,46      541,0.000448057,875,0,303,0.003409734,783,0.000988544,329
0.004214469,46      549,0.000448057,817,0,300,0.003409734,1142,0.000988544,326
0.004214469,46      542,0.000448057,923,0,701,0.003409734,1141,0.000974964,278
0.004214469,46      544,0.000448057,877,0,514,0.003409734,1144,0.000963035,236
0.004214469,46      545,0.000448057,876,0,1129,0.003409734,1150,0.000956955,964
0.004214469,46      546,0.000448057,816,0,1130,0.003409734,1145,0.000945268,1176
0.004214469,46      547,0.000448057,818,0,1128,0.003409734,1155,0.000929434,206
0.004214469,46      700,0.000448057,829,0,1133,0.003409734,1156,0.000907188,495
0.004214469,46      631,0.000448057,827,0,1127,0.003409734,1151,0.000907188,493
0.004214469,46      180,0.000448057,828,0,1131,0.003409734,1154,0.000895615,915
0.004214469,46     1002,0.000448057,825,0,1134,0.003409734,1149,0.000895615,916
0.004214469,46     1211,0.000448057,826,0,1125,0.003409734,1147,0.000895615,918
0.004214469,46      617,0.000448057,824,0,1138,0.003409734,1148,0.000895615,914
0.004214469,46      595,0.000448057,819,0,1139,0.003335976,205,0.000895615,917
0.004214469,46     1213,0.000448057,820,0,1137,0.003335976,196,0.000895615,887
0.004214469,46      600,0.000448057,822,0,1135,0.003335976,197,0.000895615,919
0.004214469,46     1216,0.000448057,823,0,1136,0.003335976,207,0.000895615,923
0.004214469,46      724,0.000448057,974,0,1126,0.003335976,204,0.000895615,924
0.004214469,46     1004,0.000448057,855,0,1124,0.003335976,202,0.000895615,922
0.004214469,46      618,0.000448057,976,0,1141,0.003335976,203,0.000895615,913
0.004214469,46     1009,0.000448057,996,0,1109,0.003335976,198,0.000895615,921
0.004214469,46      629,0.000448057,997,0,1110,0.003335976,199,0.000895615,920
0.004214469,46      706,0.000448057,992,0,1108,0.003335976,201,0.000895615,818
0.004214469,46      587,0.000448057,995,0,1113,0.003335976,200,0.000895615,815
0.004214469,46      628,0.000448057,1038,0,1107,0.003335976,206,0.000895615,899
0.004214469,46      627,0.000448057,1024,0,1111,0.003335976,236,0.000895615,902
0.004214469,46     1223,0.000448057,1041,0,1114,0.003335976,208,0.000895615,900
0.004214469,46      978,0.000448057,1040,0,1123,0.003335976,174,0.000895615,893
0.004214469,46      585,0.000448057,991,0,1119,0.003335976,175,0.000895615,816
0.004214469,46     1012,0.000448057,1037,0,1120,0.003335976,172,0.000895615,891
0.004214469,46      543,0.000448057,1025,0,1118,0.003335976,173,0.000895615,890
0.004214469,46     1236,0.000448057,1032,0,1115,0.003335976,171,0.000895615,903
0.004214469,46      215,0.000448057,977,0,1116,0.003335976,209,0.000895615,819
0.004214469,46     1054,0.000448057,1034,0,1140,0.003335976,167,0.000895615,929
0.004214469,46      210,0.000448057,1036,0,1142,0.003335976,169,0.000895615,817
0.004214469,46      218,0.000448057,1035,0,1104,0.003335976,170,0.000895615,928
0.004214469,46     1250,0.000448057,1031,0,1172,0.003335976,176,0.000895615,911
0.004214469,46      683,0.000448057,1026,0,1173,0.003335976,177,0.000895615,910
0.004214469,46      643,0.000448057,1027,0,1171,0.003335976,179,0.000895615,912
0.004214469,46      198,0.000448057,1029,0,1175,0.003335976,239,0.000885085,843
0.004214469,46     1259,0.000448057,1030,0,1170,0.003335976,238,0.000885085,683
0.004214469,46     1256,0.000448057,1042,0,1174,0.003335976,235,0.000879654,328
0.004214469,46      820,0.000448057,1043,0,1176,0.003335976,240,0.000875971,696
0.004214469,46      529,0.000448057,1044,0,1167,0.003335976,241,0.000869012,194
0.004214469,46      681,0.000448057,985,0,1180,0.003335976,186,0.000843091,571
0.004214469,46     1064,0.000448057,986,0,1182,0.003335976,184,0.000841554,604
0.004214469,46      223,0.000448057,983,0,1179,0.003335976,183,0.000841554,607
0.004214469,46      697,0.000448057,984,0,1177,0.003335976,234,0.000841554,603
0.004214469,46      684,0.000448057,982,0,1178,0.003335976,165,0.000841554,1082
0.004214469,46      523,0.000448057,1057,0,1168,0.003335976,164,0.000841554,1077
0.004214469,46      666,0.000448057,978,0,1166,0.003335976,189,0.000841554,1075
0.004214469,46     1182,0.000448057,979,0,1143,0.003335976,192,0.000841554,1073
0.004214469,46      526,0.000448057,980,0,1150,0.003335976,190,0.000841554,1071
0.004214469,46     1181,0.000448057,1073,0,1153,0.003335976,237,0.000841554,1063
0.004214469,46      995,0.000448057,1065,0,1148,0.003335976,213,0.000841554,1078
0,1242,0.000448057,1033,0,1158,0.003335976,212,0.000841554,1084
0,1243,0.000448057,1058,0,1145,0.003335976,211,0.000841554,1049
0,1308,0.000448057,990,0,1156,0.003335976,210,0.000841554,1086
0,1230,0.000448057,987,0,1159,0.003335976,191,0.000841554,36
0,1139,0.000448057,1059,0,1165,0.003335976,188,0.000841554,121
0,1305,0.000448057,989,0,1163,0.003335976,163,0.000841554,1109
0,1234,0.000448057,988,0,1164,0.003335976,232,0.000841554,1105
0,1220,0.000448057,1063,0,1162,0.003335976,233,0.000841554,1104
0,1231,0.000448057,1064,0,1160,0.003335976,222,0.000841554,1061
0,1240,0.000342384,67,0,1161,0.003335976,231,0.000841554,1048
0,1306,0.000338569,364,0,1105,0.003335976,230,0.000841554,602
0,1282,0.000338569,363,0,1103,0.003335976,187,0.000841554,593
0,1241,0.000338569,366,0,533,0.003335976,228,0.000841554,595
0,1307,0.000338569,408,0,1043,0.003335976,227,0.000841554,598
0,1294,0.000338569,360,0,1044,0.003335976,166,0.000841554,599
0,1283,0.000338569,350,0,1042,0.003335976,195,0.000841554,600
0,1219,0.000338569,359,0,1046,0.003335976,193,0.000841554,601
0,1291,0.000338569,352,0,1041,0.002601487,948,0.000841554,594
0,25,0.000326062,83,0,1045,0.002601487,946,0.000841554,592
0,1296,0.000311347,128,0,1047,0.002601487,947,0.000841554,1047
0,1227,0.000301917,521,0,1038,0.001701509,283,0.000841554,591
0,1237,0.000298199,582,0,1053,0.001701509,217,0.000841554,608
0,1293,0.000285877,136,0,1054,0.001701509,223,0.000841554,581
0,1145,0.000272646,367,0,1052,0.001701509,218,0.000841554,582
0,1298,0.000272646,368,0,1050,0.001701509,224,0.000841554,584
0,1235,0.000272646,515,0,1051,0.001701509,225,0.000841554,589
0,1287,0.000272646,512,0,1039,0.001701509,242,0.000841554,597
0,1286,0.000272646,520,0,1037,0.001701509,214,0.000841554,1046
0,1304,0.000272646,518,0,1057,0.001701509,226,0.000841554,623
0,1142,0.000272646,509,0,1024,0.001274207,178,0.000841554,645
0,1299,0.000272646,516,0,1025,0.000842147,891,0.000841554,606
0,1300,0.000272646,519,0,1023,0.000842147,888,0.000841554,611
0,1290,0.000266492,603,0,1028,0.000842147,890,0.000841554,616
0,1279,0.000266492,1006,0,1021,0.000842147,887,0.000841554,624
0,1171,0.000266492,542,0,1026,0.000842147,886,0.000841554,605
0,1149,0.000266492,541,0,1029,0.000842147,892,0.000841554,617
0,1251,0.000266492,762,0,1036,0.000842147,896,0.000841554,634
0,1177,0.000266492,763,0,1034,0.000842147,893,0.000841554,622
0,1176,0.000266492,764,0,1035,0.000842147,894,0.000841554,615
0,1218,0.000266492,765,0,1033,0.000842147,899,0.000841554,610
0,1252,0.000266492,954,0,1031,0.000842147,898,0.000841554,609
0,1178,0.000190421,770,0,1032,0.000842147,897,0.000825494,826
0,1179,0.000190421,953,0,1055,0.000842147,884,0.000779434,171
0,1180,0.000190421,951,0,1058,0.000842147,895,0.000777421,217
0,1184,0.000164595,147,0,1102,0.000842147,885,0.000738096,1274
0,1189,0.000148452,539,0,1089,0.000842147,923,0.000738096,1275
0,1188,0.000148452,536,0,1090,0.000842147,922,0.000738096,565
0,1185,0.000148452,537,0,1086,0.000842147,877,0.000738096,566
0,1161,0.000148452,538,0,1093,0.000842147,878,0.000738096,1170
0,1254,0.000148452,540,0,1084,0.000842147,876,0.000738096,1271
0,1255,0.000148452,755,0,1091,0.000842147,880,0.00071857,962
0,1167,0.000148452,754,0,1094,0.000842147,874,0.000704114,494
0,1174,0.000148452,751,0,1082,0.000842147,879,0.000704114,420
0,1169,0.000148452,696,0,1099,0.000842147,875,0.000704114,419
0,1173,0.000148452,697,0,1101,0.000842147,881,0.000636941,888
0,1168,0.000148452,752,0,1097,0.000842147,925,0.000636941,909
0,1260,0.000148452,753,0,1095,0.000842147,882,0.000636941,895
0,1163,0.000148452,757,0,1096,0.000842147,924,0.000636941,932
0,1165,0.000148452,756,0,1083,0.000842147,883,0.000636941,11
0,1175,0.000148367,77,0,1080,4.44E-16,906,0.000636941,933
0,1257,0.000148367,72,0,1059,4.44E-16,952,0.000636941,833
0,1233,0.000148367,82,0,1065,4.44E-16,904,0.000636941,889
0,1190,0.000141495,140,0,1066,4.44E-16,905,0.000636941,894
0,1191,0.000141495,132,0,1062,4.44E-16,903,0.000636941,821
0,1158,0.000141495,130,0,1069,4.44E-16,620,0.000636941,820
0,1245,0.000141495,129,0,1061,4.44E-16,901,0.000636941,898
0,1246,0.000141495,121,0,1068,4.44E-16,900,0.000636941,897
0,1153,0.000141495,104,0,1071,4.44E-16,908,0.000636941,926
0,47,0.000141495,107,0,1079,4.44E-16,857,0.000636941,904
0,1275,0.000141495,105,0,1076,4.44E-16,581,0.000636941,896
0,1210,0.000135283,119,0,1078,4.44E-16,907,0.000601865,540
0,1172,0.000135283,134,0,1075,4.44E-16,954,0.000585826,678
0,1214,0.000135283,135,0,1072,4.44E-16,909,0.000585826,685
0,1278,0.00012964,137,0,1073,4.44E-16,930,0.000585826,670
0,1277,0.00012964,138,0,1183,4.44E-16,910,0.000585826,684
0,1132,0.000121829,418,0,1184,4.44E-16,933,0.000585826,680
0,48,0.000121829,419,0,1185,4.44E-16,934,0.000585826,686
0,1198,0.00010343,414,0,1334,4.44E-16,931,0.000585826,677
0,1269,0.00010343,417,0,1336,4.44E-16,928,0.000585826,669
0,1193,0.00010343,415,0,1333,4.44E-16,917,0.000585826,682
0,54,0.00010343,411,0,1338,4.44E-16,926,0.000585826,679
0,1271,0.00010343,416,0,1332,4.44E-16,919,0.000585826,666
0,1156,0.00010343,412,0,1337,4.44E-16,920,0.000585826,1270
0,1154,0.00010343,413,0,1339,4.44E-16,921,0.000585826,663
0,1194,0.00010343,410,0,1329,4.44E-16,935,0.000585826,546
0,1272,0.00010343,409,0,1344,4.44E-16,936,0.000523597,620
0,1195,8.99524E-05,354,0,1345,4.44E-16,937,0.000523597,612
0,1197,8.99524E-05,353,0,1343,4.44E-16,938,0.00050805,825
0,1248,7.96547E-05,356,0,1340,4.44E-16,949,0.000501247,944
0,1196,7.96547E-05,357,0,1342,4.44E-16,950,0.000501247,937
0,50,7.96547E-05,355,0,1331,4.44E-16,951,0.000501247,957
0,937,5.95302E-05,478,0,1327,4.44E-16,945,0.000501247,935
0,1131,5.95302E-05,483,0,1347,4.44E-16,944,0.000501247,936
0,965,5.95302E-05,482,0,1309,4.44E-16,943,0.000428465,409
0,963,5.95302E-05,481,0,1310,4.44E-16,939,0.00042065,956
0,962,4.00646E-05,81,0,1308,4.44E-16,940,0.000420649,1113
0,961,4.00244E-05,146,0,1315,4.44E-16,942,0.000420649,1138
0,960,3.8008E-05,89,0,1306,4.44E-16,918,0.000420649,1125
0,958,3.8008E-05,88,0,1312,4.44E-16,932,0.000420649,1130
0,964,3.8008E-05,145,0,1316,4.44E-16,916,0.000420649,1135
0,967,3.8008E-05,78,0,1326,4.44E-16,911,0.000420649,1116
0,838,3.61996E-05,91,0,1323,4.44E-16,915,0.000420649,1127
0,968,3.61996E-05,90,0,1324,4.44E-16,913,0.000420649,629
0,981,3.61996E-05,86,0,1321,4.44E-16,912,0.000420649,1056
0,975,3.61996E-05,76,0,1317,4.44E-16,902,0.000420649,1055
0,974,3.61996E-05,85,0,1320,4.44E-16,914,0.000420649,1058
0,972,3.61996E-05,93,0,1346,0,43,0.000420649,1072
0,971,3.61996E-05,75,0,1348,0,41,0.000420649,625
0,957,3.61996E-05,92,0,1186,0,42,0.000420649,1054
0,956,3.61996E-05,141,0,1384,0,44,0.000420649,1074
0,955,3.61996E-05,94,0,1385,0,39,0.000420649,1057
0,954,3.61996E-05,116,0,1381,0,46,0.000420649,1064
0,823,3.61996E-05,100,0,1388,0,47,0.000420649,1059
0,952,3.61996E-05,108,0,1378,0,40,0.000420649,1067
0,827,3.61996E-05,115,0,1386,0,38,0.000420649,1066
0,951,3.61996E-05,143,0,1390,0,1100,0.000420649,1070
0,835,3.61996E-05,106,0,1374,0,1238,0.000420649,1062
0,821,3.61996E-05,103,0,1399,0,1241,0.000420649,1068
0,819,3.61996E-05,101,0,1400,0,1240,0.000420649,1060
0,818,3.45687E-05,120,0,1397,0,1237,0.000420649,1069
0,810,3.45687E-05,122,0,1395,0,37,0.000420649,1065
0,953,3.45687E-05,126,0,1396,0,1104,0.000420649,644
0,811,3.45687E-05,131,0,1377,0,36,0.000420649,1101
0,814,3.30906E-05,139,0,1373,0,50,0.000420649,160
0,812,3.17449E-05,1130,0,1350,0,51,0.000420649,51
0,982,0,1113,0,1353,0,1103,0.000420649,112
0,984,0,1119,0,1361,0,1116,0.000420649,1110
0,705,0,1117,0,1352,0,1114,0.000420649,1098
0,1309,0,1118,0,1365,0,1115,0.000420649,111
0,647,0,1114,0,1351,0,1102,0.000420649,48
0,648,0,1110,0,1364,0,1105,0.000420649,159
0,649,0,1112,0,1366,0,1117,0.000420649,46
0,650,0,1109,0,1372,0,1101,0.000420649,38
0,992,0,1121,0,1370,0,1113,0.000420649,39
0,993,0,1111,0,1371,0,1112,0.000420649,44
0,645,0,1120,0,1369,0,1099,0.000420649,1096
0,644,0,1285,0,1367,0,1119,0.000420649,1095
0,996,0,1122,0,1368,0,1120,0.000420649,1093
0,633,0,1137,0,1305,0,1106,0.000420649,1092
0,640,0,1278,0,1295,0,1107,0.000420649,155
0,642,0,1279,0,1293,0,1203,0.000420649,156
0,641,0,1281,0,1220,0,1109,0.000420649,1080
0,652,0,1136,0,1221,0,1204,0.000420649,1081
0,990,0,1274,0,1219,0,657,0.000420649,1083
0,702,0,1284,0,1223,0,1098,0.000420649,1085
0,665,0,1141,0,1213,0,558,0.000420649,1090
0,985,0,1138,0,1222,0,591,0.000420649,1089
0,696,0,1139,0,1225,0,592,0.000420649,1088
0,698,0,1140,0,1211,0,593,0.000420649,1053
0,699,0,1282,0,1234,0,590,0.000420649,1079
0,701,0,1280,0,1235,0,589,0.000420649,1052
0,687,0,1135,0,1231,0,588,0.000420649,635
0,686,0,1129,0,1226,0,585,0.000420649,1051
0,682,0,1134,0,1227,0,586,0.000420649,643
0,988,0,1126,0,1212,0,587,0.000420649,654
0,668,0,1125,0,1210,0,594,0.000420649,647
0,677,0,1128,0,1290,0,595,0.000420649,646
0,986,0,1127,0,1189,0,596,0.000420649,1050
0,678,0,1131,0,1190,0,604,0.000404077,835
0,837,0,1283,0,1188,0,605,0.000404077,832
0,839,0,1132,0,1193,0,602,0.000404077,836
0,630,0,1124,0,1187,0,603,0.000404077,906
0,902,0,1133,0,1191,0,601,0.000404077,907
0,944,-8.88E-16,778,0,1195,0,597,0.000404077,908
0,906,-8.88E-16,782,0,1209,0,598,0.000404077,831
0,943,-8.88E-16,777,0,1205,0,599,0.000404077,830
0,910,-8.88E-16,779,0,1208,0,600,0.000404077,823
0,911,-8.88E-16,775,0,1200,0,584,0.000404077,824
0,903,-8.88E-16,780,0,1196,0,583,0.000404077,827
0,901,-8.88E-16,781,0,1198,0,582,0.000404077,839
0,840,-8.88E-16,774,0,1237,0,566,0.000404077,837
0,900,-8.88E-16,773,0,1238,0,567,0.000404077,838
0,894,-8.88E-16,768,0,1239,0,564,0.000404077,840
0,895,-8.88E-16,766,0,1270,0,565,0.000404077,828
0,897,-8.88E-16,772,0,1271,0,563,0.000404077,834
0,898,-8.88E-16,767,0,1266,0,569,0.000404077,842
0,899,-8.88E-16,769,0,1275,0,560,0.000404077,841
0,942,-8.88E-16,771,0,1265,0,561,0.000404077,829
0,914,-1.776E-15,564,0,1273,0,562,0.000404077,1044
0,941,-1.776E-15,562,0,1277,0,666,0.000353608,541
0,940,-1.776E-15,565,0,1241,0,570,0.000317957,1286
0,930,-1.776E-15,563,0,1288,0,580,0.000317957,1153
0,931,-1.776E-15,546,0,1289,0,578,0.000317957,552
0,932,-1.776E-15,547,0,1287,0,663,0.000317957,551
0,934,-1.776E-15,545,0,1280,0,576,0.000317957,1146
0,935,-1.776E-15,567,0,1283,0,664,0.000317957,549
0,928,-1.776E-15,543,0,1264,0,575,0.000317957,564
0,926,-1.776E-15,566,0,1263,0,665,0.000317957,553
0,924,-1.776E-15,561,0,1261,0,572,0.000317957,550
0,918,-1.776E-15,548,0,1244,0,573,0.000317957,548
0,917,-1.776E-15,560,0,1245,0,574,0.000317957,1155
0,939,-1.776E-15,558,0,1243,0,606,0.000317957,554
0,922,-1.776E-15,554,0,1260,0,607,0.000317957,542
0,938,-1.776E-15,553,0,1242,0,608,0.000317957,543
0,892,-1.776E-15,552,0,1246,0,642,0.000317957,544
0,891,-1.776E-15,551,0,1247,0,643,0.000317957,545
0,890,-1.776E-15,550,0,1251,0,659,0.000317957,547
0,869,-1.776E-15,555,0,1252,0,641,0.000317957,1154
0,856,-1.776E-15,557,0,1258,0,639,0.000317957,1156
0,858,-1.776E-15,549,0,1255,0,645,0.000317957,574
0,859,-1.776E-15,556,0,1253,0,636,0.000317957,1172
0,863,-1.776E-15,1075,0,1019,0,637,0.000317957,1171
0,864,-1.776E-15,850,0,1018,0,638,0.000317957,1157
0,855,-1.776E-15,999,0,1015,0,644,0.000317957,562
0,854,-1.776E-15,605,0,720,0,646,0.000317957,561
0,853,-1.776E-15,1013,0,721,0,660,0.000317957,559
0,846,-1.776E-15,1012,0,719,0,654,0.000317957,558
0,844,-1.776E-15,1011,0,723,0,655,0.000317957,557
0,848,-1.776E-15,1008,0,718,0,652,0.000317957,1169
0,852,-1.776E-15,1010,0,722,0,653,0.000317957,1168
0,949,-1.776E-15,604,0,727,0,651,0.000317957,1167
0,867,-1.776E-15,1014,0,715,0,658,0.000317957,1161
0,870,-1.776E-15,1015,0,734,0,648,0.000317957,1158
0,889,-1.776E-15,1016,0,737,0,649,0.000317957,563
0,948,-1.776E-15,1017,0,733,0,650,0.000317957,1162
0,883,-1.776E-15,609,0,729,0,635,0.000317957,1165
0,884,-1.776E-15,608,0,732,0,633,0.000317957,1163
0,885,-1.776E-15,607,0,716,0,609,0.000317957,1164
0,887,-1.776E-15,606,0,712,0,616,0.000317957,575
0,888,-1.776E-15,1018,0,740,0,617,0.000317957,555
0,945,-1.776E-15,1009,0,691,0,614,0.000317957,1261
0,946,-1.776E-15,1007,0,692,0,615,0.000317957,1268
0,879,-1.776E-15,1019,0,690,0,613,0.000317957,572
0,874,-1.776E-15,593,0,695,0,619,0.000317957,1284
0,872,-1.776E-15,568,0,689,0,610,0.000317957,1272
0,947,-1.776E-15,998,0,693,0,611,0.000317957,573
0,878,-1.776E-15,594,0,696,0,612,0.000317957,1280
0,877,-1.776E-15,602,0,709,0,618,0.000317957,1281
0,632,-1.776E-15,596,0,706,0,621,0.000317957,1282
0,626,-1.776E-15,599,0,707,0,632,0.000317957,568
0,1130,-1.776E-15,1000,0,703,0,630,0.000317957,570
0,427,-1.776E-15,1001,0,697,0,631,0.000317957,1269
0,1071,-1.776E-15,1002,0,700,0,628,0.000317957,1283
0,1069,-1.776E-15,600,0,739,0,629,0.000317957,569
0,1068,-1.776E-15,601,0,742,0,627,0.000317957,1264
0,1067,-1.776E-15,592,0,687,0,622,0.000317957,1266
0,437,-1.776E-15,1005,0,780,0,624,0.000317957,1267
0,428,-1.776E-15,1004,0,782,0,625,0.000317957,1262
0,426,-1.776E-15,1003,0,777,0,626,0.000317957,1285
0,1044,-1.776E-15,610,0,786,0,559,0.000310378,942
0,1072,-1.776E-15,1020,0,773,0,557,0.000310378,943
0,1077,-1.776E-15,598,0,785,0,1097,0.000310378,949
0,1076,-1.776E-15,662,0,787,0,667,0.000310378,940
0,1075,-1.776E-15,663,0,769,0,1066,0.000310378,941
0,1074,-1.776E-15,579,0,801,0,1065,0.000310378,938
0,1073,-1.776E-15,621,0,804,0,1064,0.000310378,939
0,1066,-1.776E-15,611,0,792,0,1067,0.000310378,950
0,1065,-1.776E-15,620,0,789,0,1068,0.000310378,945
0,1063,-1.776E-15,580,0,791,0,1069,0.000310378,946
0,936,-1.776E-15,578,0,771,0,1072,0.000310378,934
0,1050,-1.776E-15,577,0,768,0,1071,0.000310378,951
0,1049,-1.776E-15,576,0,743,0,1070,0.000310378,961
0,1048,-1.776E-15,575,0,753,0,1063,0.000310378,960
0,1047,-1.776E-15,569,0,754,0,1062,0.000310378,927
0,1046,-1.776E-15,571,0,746,0,1061,0.000310378,947
0,1052,-1.776E-15,572,0,759,0,1052,0.000310378,958
0,1053,-1.776E-15,573,0,745,0,1051,0.000303272,190
0,1056,-1.776E-15,574,0,757,0,1055,0.00020615,1137
0,1060,-1.776E-15,581,0,760,0,1054,0.000162593,413
0,1061,-1.776E-15,583,0,766,0,1056,0.000162593,412
0,1059,-1.776E-15,586,0,764,0,1060,0.000122671,905
0,1057,-1.776E-15,591,0,765,0,1059,0.000103203,1175
0,1058,-1.776E-15,589,0,763,0,1058,0.000103203,614
0,1078,-1.776E-15,590,0,761,0,1057,0.000103203,1173
0,1079,-1.776E-15,1023,0,762,0,1073,0.000103203,1166
0,1080,-1.776E-15,619,0,688,0,1074,0.000103203,1174
0,1101,-1.776E-15,1022,0,685,0,1075,0.000103203,1147
0,1114,-1.776E-15,1021,0,1012,0,1090,0.000103203,1151
0,1113,-1.776E-15,612,0,596,0,1089,0.000103203,619
0,1112,-1.776E-15,613,0,597,0,1092,0.000103203,613
0,1111,-1.776E-15,614,0,588,0,1091,0.000103203,1143
0,1106,-1.776E-15,588,0,610,0,1093,0.000103203,1144
0,1116,-1.776E-15,618,0,586,0,1087,0.000103203,1145
0,1117,-1.776E-15,587,0,608,0,1096,0.000103203,1148
0,1118,-1.776E-15,617,0,614,0,1095,0.000103203,618
0,1126,-1.776E-15,615,0,584,0,1094,8.76203E-05,333
0,1127,-1.776E-15,616,0,619,0,1088,7.12384E-05,723
0,1124,-1.998E-15,479,0,621,0,1086,6.80629E-05,410
0,1119,-1.998E-15,480,0,618,0,1076,6.80629E-05,411
0,1122,-1.998E-15,142,0,615,0,1078,6.12073E-05,1150
0,1104,-1.998E-15,96,0,617,0,1077,3.83882E-05,332
0,1099,-1.998E-15,110,0,585,0,1080,2.77428E-05,948
0,1081,-1.998E-15,111,0,583,0,1079,2.03662E-05,415
0,1098,-1.998E-15,109,0,629,0,1081,2.03662E-05,417
0,1088,-1.998E-15,87,0,537,0,1084,2.03662E-05,416
0,1087,-1.998E-15,97,0,542,0,251,2.03662E-05,414
0,1085,-1.998E-15,112,0,536,0,1083,2.03662E-05,418
0,1083,-1.998E-15,117,0,561,0,1082,9.59604E-06,331
0,1082,-1.998E-15,95,0,534,0,1050,2.38224E-06,330
0,1089,-2.22E-15,952,0,558,0,1049,2.22E-16,50
0,1090,-2.442E-15,365,0,562,0,1048,2.22E-16,40
0,1091,-2.442E-15,123,0,581,0,541,2.22E-16,1139
0,1096,-2.442E-15,361,0,577,0,542,2.22E-16,1126
0,1097,-2.442E-15,127,0,580,0,539,2.22E-16,1115
0,1095,-2.442E-15,125,0,575,0,540,2.22E-16,1128
0,1093,-2.665E-15,1084,0,563,0,538,2.22E-16,1129
0,1094,-2.665E-15,1068,0,573,0,544,2.22E-16,1132
0,1045,-2.665E-15,859,0,623,0,669,2.22E-16,1142
0,1043,-2.665E-15,1046,0,630,0,536,2.22E-16,1123
0,625,-2.665E-15,1074,0,684,0,537,2.22E-16,1122
0,582,-2.665E-15,1067,0,668,0,543,2.22E-16,1119
0,584,-2.665E-15,1071,0,669,0,545,2.22E-16,1120
0,1005,-2.665E-15,1048,0,667,0,671,2.22E-16,1121
0,589,-2.665E-15,1076,0,673,0,553,2.22E-16,1133
0,591,-2.665E-15,1047,0,666,0,555,2.22E-16,1134
0,1003,-2.665E-15,1072,0,672,0,551,2.22E-16,1118
0,583,-2.665E-15,1045,0,674,0,552,2.22E-16,1140
0,580,-2.665E-15,1077,0,663,0,550,2.22E-16,1114
0,1042,-2.665E-15,861,0,681,0,546,2.22E-16,1141
0,1007,-2.665E-15,860,0,683,0,547,2.22E-16,1136
0,573,-2.665E-15,863,0,679,0,548,2.22E-16,1111
0,574,-2.665E-15,862,0,676,0,549,2.22E-16,1112
0,575,-2.665E-15,864,0,678,0,670,0,632
0,576,-2.665E-15,870,0,665,0,672,0,1097
0,577,-2.665E-15,869,0,662,0,1047,0,658
0,594,-2.665E-15,867,0,631,0,1040,0,636
0,596,-2.665E-15,865,0,636,0,656,0,1099
0,598,-2.665E-15,1049,0,641,0,1042,0,648
0,1001,-2.665E-15,1078,0,634,0,1041,0,1100
0,619,-2.665E-15,1087,0,645,0,1043,0,650
0,997,-2.665E-15,1095,0,632,0,687,0,649
0,621,-2.665E-15,1066,0,643,0,1046,0,657
0,622,-2.665E-15,1093,0,646,0,1045,0,651
0,623,-2.665E-15,1094,0,661,0,1044,0,652
0,613,-2.665E-15,1092,0,654,0,689,0,655
0,611,-2.665E-15,1055,0,655,0,685,0,656
0,610,-2.665E-15,1088,0,650,0,673,0,633
0,603,-2.665E-15,1089,0,647,0,675,0,637
0,1000,-2.665E-15,1091,0,649,0,674,0,631
0,999,-2.665E-15,1056,0,807,0,677,0,1102
0,608,-2.665E-15,1054,0,811,0,676,0,45
0,998,-2.665E-15,1079,0,812,0,678,0,640
0,572,-2.665E-15,1050,0,957,0,683,0,641
0,571,-2.665E-15,1080,0,958,0,681,0,42
0,570,-2.665E-15,1052,0,956,0,680,0,642
0,1026,-2.665E-15,1051,0,961,0,679,0,43
0,1032,-2.665E-15,1081,0,955,0,640,0,41
0,1031,-2.665E-15,1053,0,960,,0,1103
0,1030,-2.665E-15,1083,0,962,,0,1107
0,1029,-2.665E-15,1082,0,951,,0,1106
0,1028,-2.665E-15,1070,0,967,,0,1108
0,1033,-2.665E-15,1069,0,968,,0,630
0,1034,,0,966,,0,638
0,1035,,0,963,,0,628
0,1039,,0,965,,
0,1040,,0,954,,
0,1038,,0,950,,
0,1036,,0,971,,
0,1037,,0,917,,
0,1027,,0,920,,
0,1025,,0,915,,
0,1008,,0,929,,
0,1024,,0,914,,
0,1010,,0,928,,
0,562,,0,931,,
0,563,,0,948,,
0,565,,0,941,,
0,568,,0,944,,
0,1014,,0,939,,
0,1015,,0,933,,
0,1016,,0,938,,
0,1022,,0,969,,
0,1023,,0,972,,
0,1021,,0,910,,
0,1017,,0,998,,
0,1020,,0,1000,,
0,1062,,0,997,,
,,0,1004,,
,,0,996,,
,,0,1001,,
,,0,1005,,
,,0,994,,
,,0,1009,,
,,0,1011,,
,,0,1008,,
,,0,1006,,
,,0,1007,,
,,0,995,,
,,0,993,,
,,0,973,,
,,0,976,,
,,0,977,,
,,0,975,,
,,0,980,,
,,0,974,,
,,0,978,,
,,0,981,,
,,0,992,,
,,0,986,,
,,0,988,,
,,0,984,,
,,0,982,,
,,0,983,,
,,0,813,,
,,0,913,,
,,0,907,,
,,0,906,,
,,0,850,,
,,0,845,,
,,0,844,,
,,0,843,,
,,0,840,,
,,0,851,,
,,0,852,,
,,0,853,,
,,0,858,,
,,0,859,,
,,0,857,,
,,0,854,,
,,0,856,,
,,0,839,,
,,0,837,,
,,0,836,,
,,0,818,,
,,0,819,,
,,0,817,,
,,0,825,,
,,0,816,,
,,0,821,,
,,0,826,,
,,0,834,,
,,0,832,,
,,0,833,,
,,0,831,,
,,0,827,,
,,0,829,,
,,0,861,,
,,0,862,,
,,0,863,,
,,0,892,,
,,0,894,,
,,0,891,,
,,0,896,,
,,0,889,,
,,0,895,,
,,0,898,,
,,0,866,,
,,0,903,,
,,0,904,,
,,0,902,,
,,0,899,,
,,0,900,,
,,0,888,,
,,0,887,,
,,0,886,,
,,0,872,,
,,0,873,,
,,0,868,,
,,0,885,,
,,0,867,,
,,0,874,,
,,0,878,,
,,0,880,,
,,0,882,,
,,0,884,,
,,0,1,,
,,0,881,,
,,-8.88E-16,1311,,
,,-8.88E-16,1074,,
