pos,IG,AA,exp
1040,0.473216,R,e
71,0.348755,R,e
807,0.330441,R,-
834,0.328448,K,e
308,0.284233,G,-
283,0.281025,D,-
858,0.266158,N,-
842,0.253415,F,-
165,0.251214,A,-
62,0.235483,S,-
1310,0.227157,N,e
60,0.224463,V,-
174,0.215891,G,e
223,0.215224,S,e
218,0.214903,L,-
173,0.212215,S,e
273,0.210382,N,e
855,0.207087,Q,e
90,0.206978,T,e
51,0.206929,V,-
54,0.206866,V,-
144,0.204513,F,e
89,0.203016,F,-
58,0.201371,P,-
808,0.198753,Y,-
175,0.198327,T,e
178,0.197555,T,e
72,0.197427,T,e
61,0.197177,S,-
177,0.196455,G,e
849,0.195064,Q,-
191,0.195051,N,e
49,0.193412,M,e
77,0.190598,P,-
393,0.188547,I,e
105,0.18852,K,e
76,0.187906,L,e
198,0.187736,S,-
69,0.187531,N,e
255,0.187448,E,-
50,0.187249,F,-
306,0.186864
307,0.186082
840,0.185946,E,e
236,0.184746,L,-
1038,0.184602,N,e
329,0.184089,L,e
371,0.183656,Q,e
384,0.181885,N,e
68,0.181668,V,-
82,0.18087,N,e
176,0.180656,N,e
81,0.180283,T,e
833,0.179902,S,e
423,0.179756,Q,e
294,0.179476,K,e
279,0.179434,L,-
73,0.178262,R,e
180,0.178249,R,-
274,0.177433,D,-
327,0.177282,P,e
204,0.176804,I,-
80,0.17676,Y,e
74,0.176684,T,e
160,0.176367,W,-
258,0.175184,Q,e
78,0.174835,P,e
1036,0.173753,Q,e
771,0.173519,K,e
677,0.172844,E,e
52,0.172679,F,-
927,0.172577,A,-
106,0.17237,V,e
326,0.172227,Q,e
179,0.172167,K,e
484,0.171773,R,e
164,0.171222,H,e
605,0.17039,D,e
244,0.170307,A,-
801,0.170012,G,e
168,0.169995,I,e
486,0.169525,Q,-
137,0.168097,L,-
366,0.16801,L,-
396,0.166678,Y,e
305,0.166463,S,e
303,0.166323,M,e
1153,0.165805,P,e
116,0.165522,S,e
367,0.165425,E,-
468,0.165391,D,e
1041,0.164067,R,e
364,0.163421,M,e
1042,0.162928,R,e
368,0.162745,G,e
607,0.162595,S,e
315,0.162362,N,e
846,0.161592,F,e
403,0.161226,H,e
464,0.161215,E,e
250,0.160847,K,-
288,0.160829,Y,-
471,0.160739,I,-
63,0.160047,Q,e
79,0.16002,A,e
467,0.1594,V,e
606,0.159374,S,e
238,0.159051,L,-
226,0.158818,K,e
70,0.15847,L,-
614,0.158327,G,-
876,0.158231,H,e
110,0.157924,S,e
304,0.15732,E,e
416,0.156762,D,e
1048,0.156262,V,e
311,0.155991,S,e
827,0.155869,I,-
592,0.155849,T,-
212,0.155755,T,-
850,0.155621,S,-
800,0.15538,V,e
402,0.155129,K,-
397,0.155106,F,-
278,0.154141,F,-
57,0.154031,L,-
1017,0.153549,N,e
725,0.153157,A,e
296,0.152458,N,e
163,0.152064,F,-
593,0.152055,L,-
609,0.150859,G,e
999,0.150814,S,e
799,0.150596,K,e
911,0.150502,E,e
1037,0.150267,T,e
259,0.149163,F,-
830,0.149049,A,-
913,0.148932,N,e
53,0.148865,L,-
839,0.148698,V,e
829,0.148677,Q,e
889,0.14864,N,e
398,0.148615,K,-
1148,0.147234,I,-
409,0.146682,N,e
604,0.146417,G,e
794,0.146027,N,-
1039,0.145943,S,e
75,0.145461,Q,e
1238,0.14526,L,-
838,0.145104,G,e
1043,0.144821,A,e
613,0.144697,A,-
324,0.144365,V,e
59,0.144225,L,-
289,0.144213,Y,-
679,0.144187,I,-
612,0.144049,T,-
295,0.143786,N,e
1444,0.143261,D,e
825,0.143258,T,e
297,0.143193,K,e
1464,0.142519,V,-
1050,0.141585,Q,e
624,0.140843,Q,e
837,0.140786,N,e
989,0.140644,T,e
323,0.140533,Y,e
976,0.13995,E,e
600,0.139905,Y,-
678,0.139706,S,e
601,0.139656,L,-
971,0.139606,G,-
815,0.139428,N,e
1034,0.139315,Q,e
798,0.139073,S,-
1232,0.13901,Q,-
1296,0.138823,D,e
810,0.138527,L,-
401,0.138062,S,e
1086,0.13782,I,-
462,0.137629,A,-
796,0.137322,L,e
1242,0.13707,I,-
1049,0.137004,S,e
926,0.136899,I,e
1079,0.136637,T,e
886,0.13657,K,e
979,0.13646,V,e
1239,0.136173,A,-
596,0.1361,L,-
1244,0.136079,S,-
929,0.135857,T,-
964,0.135537,Q,e
172,0.135031,V,-
674,0.134942,Q,e
841,0.134907,G,e
149,0.134498,V,-
811,0.134448,F,-
831,0.134304,G,-
1205,0.134191,A,e
466,0.133858,L,e
410,0.133768,L,e
602,0.133656,T,-
701,0.132994,A,-
826,0.132837,E,e
652,0.132801,T,-
828,0.132773,Y,-
1173,0.132762,S,e
248,0.132697,V,-
963,0.131991,N,e
171,0.131694,H,e
1430,0.131644,A,e
1235,0.131447,S,-
1607,0.131397,C,-
199,0.131086,I,-
599,0.130859,S,-
185,0.130606,V,e
292,0.13048,H,-
1194,0.130433,I,e
113,0.130366,V,e
205,0.129032,I,-
707,0.128987,N,e
660,0.128755,T,e
1053,0.128658,I,-
932,0.128379,A,-
1471,0.127984,E,-
1005,0.127766,R,e
597,0.12735,H,-
662,0.127148,E,e
629,0.12678,L,-
917,0.126502,L,-
603,0.126495,P,e
852,0.126099,G,-
792,0.125704,S,-
246,0.125391,N,-
1493,0.125236,V,-
247,0.12505,V,-
186,0.124707,L,-
65,0.124706
1576,0.124532,I,-
48,0.124478
1046,0.123951,V,e
595,0.123859,A,-
1461,0.123651,H,e
399,0.123632,I,-
64,0.123291
287,0.123186
194,0.123044,V,-
1448,0.122141,H,-
1092,0.121717,T,-
1087,0.121455,L,-
645,0.121194,A,-
814,0.12034,S,e
915,0.120323,K,e
1593,0.120072,M,-
103,0.119485,P,-
1065,0.119466,V,-
626,0.119396,R,-
240,0.11927,V,-
1132,0.118874,V,e
227,0.118184,T,-
411,0.117838,V,e
945,0.117253,T,-
598,0.116567,R,-
187,0.116502,P,e
182,0.116114,D,-
861,0.115431,G,-
169,0.114959
646,0.113572,L,-
219,0.112604,D,e
209,0.112221,I,-
594,0.111995,L,-
301,0.111822,S,e
710,0.111275,R,e
894,0.109938,K,e
615,0.109074,A,e
286,0.108544
325,0.106943,S,-
55,0.106545,L,-
1199,0.106326,D,e
835,0.106266,P,e
285,0.106039
404,0.105886,T,-
961,0.104176,T,e
1107,0.102872,T,e
321,0.102856,F,e
217,0.102368,T,e
860,0.102121,V,e
302,0.101745,W,-
251,0.101732,V,-
631,0.101697,K,e
284,0.100217,V,-
804,0.099845,Y,e
823,0.099353,I,e
608,0.099193,S,e
461,0.099171,S,-
115,0.099025,H,e
1292,0.098897,G,e
1289,0.098805,S,e
709,0.098456,K,e
136,0.098375,D,-
650,0.09805,S,-
485,0.096529,F,-
322,0.096476,E,e
656,0.096303,L,e
1170,0.096155,S,e
1299,0.095946,S,e
802,0.095682,G,-
693,0.095514,E,e
610,0.095467,W,-
1293,0.094544,K,e
1128,0.094531,T,e
408,0.094324,I,-
865,0.09429,Y,-
1156,0.093561,D,e
1154,0.093335,I,e
135,0.093072,Q,e
844,0.093071,C,-
857,0.092882,T,e
1139,0.092675,Q,e
859,0.092585,G,e
181,0.092231,F,-
647,0.091199,D,e
313,0.090506,S,e
1282,0.090387,L,e
1136,0.09025,K,e
845,0.08988,Y,-
847,0.08903,P,-
748,0.088998,N,-
1300,0.088613,S,e
803,0.088331,N,-
1303,0.087979,S,e
1068,0.087963,S,e
692,0.087883,G,e
1433,0.087617,K,e
381,0.087404,N,e
388,0.08728,F,-
713,0.08691,N,e
753,0.086422,S,-
836,0.086203,C,-
719,0.085676,S,e
864,0.085507,P,-
727,0.085182,S,e
201,0.084981,K,-
739,0.084492,T,e
742,0.083983,N,e
759,0.083966,D,e
1302,0.083687,A,e
918,0.083098,P,e
813,0.082998,K,e
309,0.082967,V,-
795,0.082833,N,e
758,0.081781,G,-
239,0.081576,I,-
1415,0.081491,S,-
856,0.081034,P,e
756,0.080955,I,-
140,0.080617,P,-
632,0.080385,Y,-
1228,0.080297,E,e
755,0.080201,V,-
764,0.079201,I,-
47,0.079112
676,0.078876,T,e
310,0.07833,Y,e
405,0.078177,P,e
619,0.078028,Y,-
145,0.07796,S,-
183,0.077195,N,-
200,0.076794,E,-
184,0.076724,P,-
904,0.076406,T,e
150,0.076174,T,-
1457,0.075917,S,-
688,0.075536,L,e
148,0.075476,N,e
699,0.075396,R,e
383,0.075008,K,e
369,0.07432,K,e
197,0.073963,A,-
622,0.073755,Y,e
658,0.072702,S,e
412,0.072157,R,e
805,0.071234,N,e
625,0.070664,P,e
633,0.070596,N,-
67,0.070536,C,-
1099,0.069456,T,e
138,0.069166,F,-
139,0.068194,L,-
937,0.068126,Q,e
143,0.067952,F,-
245,0.067774,T,e
768,0.067512,Q,e
192,0.067047,D,e
1110,0.066856,S,e
1016,0.066832,N,e
784,0.066801,T,e
1063,0.066727,N,e
1474,0.066473,I,e
1588,0.066202,V,-
1062,0.065495,E,e
1470,0.065461,Y,-
234,0.065451,S,-
680,0.065311,V,-
208,0.064919,W,-
207,0.064765,G,-
202,0.064722,S,-
862,0.064703,Y,-
102,0.064616,Y,-
1478,0.064584,D,e
93,0.064574,V,-
231,0.064571,Q,-
817,0.064554,K,e
206,0.064472,R,-
982,0.064341,H,e
210,0.064273,F,-
757,0.06418,R,-
747,0.064092,T,-
104,0.064077,D,-
1485,0.064069,N,e
249,0.064029,I,-
1342,0.06375,S,e
211,0.063464,G,-
203,0.063393,N,-
94,0.063244,Y,-
788,0.063051,I,-
88,0.062524,S,-
277,0.06251,P,-
272,0.062214,C,-
92,0.062094,G,-
1071,0.062057,S,-
939,0.062054,L,e
391,0.06205,K,-
760,0.061975,E,-
241,0.061944,N,e
1204,0.061868,I,e
667,0.061807,Q,e
992,0.061631,V,e
91,0.061322,R,-
1082,0.061231,V,-
256,0.060585,F,-
119,0.060431,T,-
196,0.060067,F,-
655,0.060033,T,e
1312,0.059981,V,-
1014,0.059972,H,e
195,0.059969,Y,-
314,0.059422,A,-
1076,0.059331,T,e
738,0.059042,P,-
56,0.059027
1329,0.058363,N,-
891,0.058115,V,e
243,0.058114,N,e
193,0.05776,G,-
188,0.057475,F,-
1341,0.057294,L,-
252,0.056936,C,-
107,0.056368,F,e
1124,0.056327,N,-
365,0.056276,D,e
389,0.055806,V,-
1174,0.055583,K,e
978,0.05534,P,e
1155,0.055102,K,-
1140,0.054446,E,e
661,0.053456,V,-
1147,0.053068,Q,e
421,0.052953,L,-
473,0.052925,I,-
392,0.052881,N,e
328,0.052436,F,e
1189,0.052165,A,e
382,0.051996,F,-
1309,0.050969,Q,-
702,0.050621,S,-
420,0.050614
460,0.050106,F,e
372,0.050054,G,e
1311,0.049727,V,-
1216,0.049617,N,-
385,0.049421,L,-
724,0.048689,S,e
1165,0.048572,I,-
109,0.048371,S,e
419,0.048049
673,0.047815,V,-
1278,0.047276,E,e
1277,0.047124,Y,-
1314,0.04688,Q,e
424,0.046863,G,e
1151,0.046733,T,e
469,0.04665,L,-
394,0.046541,D,e
1145,0.046294,V,-
1191,0.045705,A,-
417,0.04537
671,0.045335,F,-
1157,0.045284,F,-
386,0.045243,R,-
729,0.044739,S,e
672,0.044522,R,-
1143,0.044348,A,e
1035,0.043882,T,e
1152,0.043703,P,-
1142,0.043598,F,-
1161,0.04342,N,e
1160,0.043385,F,-
1159,0.043102,G,-
1138,0.042975,T,-
108,0.042972,R,-
704,0.042963,Y,-
387,0.042963,E,-
1144,0.04286,Q,e
670,0.042792,N,-
1137,0.042685,N,-
1135,0.042674,D,-
1146,0.042665,K,e
1158,0.042665,G,e
1141,0.04257,V,-
1183,0.042556,F,-
1507,0.042255,S,e
1150,0.042217,K,e
1590,0.042193,V,-
390,0.042156,F,-
395,0.042148,G,e
1175,0.04212,R,-
1149,0.04184,Y,-
1192,0.041821,G,e
1190,0.041788,D,e
1177,0.041239,F,e
472,0.041228,G,e
980,0.041125,A,-
1176,0.041061,S,-
1166,0.040947,L,-
940,0.040402,E,e
422,0.040278,P,e
1178,0.040156,I,-
1203,0.039635,D,e
475,0.038886,I,-
639,0.038758,T,e
114,0.038454,L,e
474,0.038258,N,e
1168,0.03792,D,e
659,0.037723,F,-
1169,0.037662,P,e
1626,0.037414,K,e
470,0.036664,P,e
1483,0.036502,S,-
1164,0.036072,Q,-
1172,0.03601,P,e
463,0.035444,L,-
1018,0.035251,S,e
1163,0.035154,S,e
465,0.035125,P,e
476,0.03499,T,e
698,0.034128,T,e
988,0.033993,P,-
1015,0.033686,V,-
400,0.033595,Y,-
1167,0.033584,P,-
1171,0.033395,K,e
1551,0.032961,K,e
1184,0.032935,N,e
1591,0.032879,T,-
1010,0.032791,I,-
843,0.032286,N,-
1604,0.032234,L,-
1013,0.032046,E,e
640,0.032016,D,e
1162,0.031821,F,-
1130,0.031604,I,-
1121,0.03151,T,e
1587,0.031494,I,-
642,0.031357,V,-
1230,0.031345,I,-
1428,0.031257,V,-
1020,0.031158,E,e
1538,0.030885,N,e
1185,0.030752,K,-
1180,0.030628,D,-
1187,0.030608,T,e
1029,0.030448,I,-
1409,0.030442,L,-
628,0.030434,F,-
1181,0.030334,L,-
1179,0.030317,E,-
984,0.030311,D,e
1133,0.030287,E,e
1186,0.030172,V,-
1182,0.030172,L,-
1438,0.030139,A,-
1188,0.030027,L,e
1407,0.029822,Y,-
1460,0.029786,T,e
987,0.029702,T,e
1198,0.029516,G,-
1624,0.029201,V,e
1545,0.028986,R,e
994,0.02897,S,e
316,0.028908,N,e
732,0.0289,K,e
1544,0.028853,D,e
634,0.02879,E,e
1625,0.028738,L,-
1134,0.028713,Q,-
1025,0.02869,I,-
1585,0.028688,I,e
721,0.028608,L,-
317,0.028573,C,e
1111,0.028547,N,e
1527,0.028398,G,e
1549,0.028393,V,-
1524,0.028386,V,e
1032,0.028107,S,-
1051,0.028081,S,e
318,0.027952,T,e
1540,0.027673,Q,e
1095,0.027664,S,-
1019,0.027648,Y,e
1236,0.027429,A,-
1402,0.027259,F,-
983,0.027207,A,e
877,0.027205,A,e
1510,0.027148,E,e
1401,0.027099,D,e
715,0.026914,V,e
1243,0.026825,T,-
1526,0.026802,L,e
1294,0.026795,I,-
986,0.026679,L,-
1506,0.026643,D,e
1400,0.026638,V,-
1297,0.026615,S,e
1290,0.026615,A,-
1404,0.026534,G,-
1403,0.026534,C,-
1044,0.026454,R,e
1291,0.026367,I,-
1399,0.026323,R,-
1586,0.02627,A,e
985,0.026202,Q,e
1405,0.026185,K,e
1410,0.026083,M,-
1393,0.026027,V,-
981,0.025888,I,-
1397,0.025858,S,-
1129,0.025819,G,e
1295,0.025808,Q,-
1196,0.025735,Q,-
1398,0.025703,K,e
1033,0.025686,Y,e
1597,0.025593,M,-
1596,0.025581,C,-
1248,0.025554,F,-
1458,0.025541,N,e
1431,0.025527,Q,e
1246,0.025463,W,-
1552,0.025442,N,e
1250,0.025353,A,-
1396,0.0253,Q,-
1280,0.025295,Q,-
1408,0.025283,H,-
1482,0.025258,V,e
1627,0.025252,G,-
1306,0.025251,G,e
1555,0.025156,E,e
1394,0.025146,L,-
1395,0.025146,G,-
1411,0.025102,S,-
1045,0.024966,S,e
1406,0.024877,G,-
1279,0.024604,N,e
1412,0.024547,F,-
1285,0.024409,N,e
1288,0.024375,N,-
1287,0.024375,F,-
1283,0.024331,I,-
1473,0.024307,Q,e
1227,0.024211,D,e
1284,0.02417,A,-
1233,0.024163,Y,-
1131,0.024162,A,-
1281,0.024132,K,e
1413,0.024057,P,-
762,0.024042,R,e
997,0.024036,T,e
1286,0.024032,Q,-
1256,0.023969,I,-
1529,0.023932,I,-
763,0.023862,Q,-
1531,0.023862,G,e
1252,0.023793,A,e
1633,0.023653,T,e
1434,0.023498,N,e
1570,0.0234,I,e
1446,0.023315,K,e
1222,0.0233,P,-
1364,0.023267,L,-
1548,0.023241,E,e
1114,0.023215,L,e
1031,0.023181,A,-
1495,0.02315,N,e
781,0.023139,D,e
1125,0.023131,R,e
1223,0.023121,P,e
1115,0.023098,Q,e
1234,0.023089,T,-
617,0.023084,A,-
1536,0.023082,V,e
1459,0.023073,G,e
1490,0.023015,I,e
1491,0.023015,G,-
1127,0.022991,L,-
1126,0.022991,A,-
1224,0.022982,L,-
1226,0.022943,T,e
1432,0.022821,E,e
1028,0.02282,G,-
1499,0.02282,D,e
1231,0.022811,A,-
1466,0.022757,Q,-
1469,0.022757,F,-
1122,0.022749,Q,e
1634,0.022691
1030,0.022678,C,-
1630,0.022651,L,-
819,0.022597,F,e
1273,0.022594,Q,-
1631,0.022507,H,e
1623,0.022501,P,e
1629,0.0225,K,e
1496,0.022447,T,e
1463,0.022446,F,-
1494,0.0224,N,e
1123,0.022361,L,-
1628,0.022348,V,-
1378,0.022348,I,-
1237,0.022339,L,-
1532,0.022313,I,-
1498,0.022246,Y,e
1116,0.022223,Y,-
1298,0.022221,L,-
1229,0.022219,M,-
1272,0.022199,T,-
1632,0.022196,Y,-
1083,0.022143,T,e
1206,0.022127,A,-
1000,0.022093,N,e
1492,0.022093,I,-
1336,0.022073,V,-
1117,0.022062,G,-
1120,0.022058,C,-
1096,0.022038,V,-
1265,0.022007,R,-
1267,0.022007,N,-
1268,0.022007,G,e
1266,0.022007,F,-
1271,0.021965,V,-
1008,0.02195,C,-
1006,0.021896,A,-
1374,0.021879,R,e
1253,0.02185,A,-
1012,0.021812,A,-
620,0.021808,V,-
1275,0.021808,V,-
1269,0.021802,I,-
1241,0.021792,T,-
1264,0.021781,Y,-
1262,0.021781,M,-
1263,0.021781,A,-
1022,0.021736,D,e
1387,0.02173,T,e
1225,0.021704,L,-
1245,0.021703,G,-
1436,0.021695,T,e
1261,0.021687,Q,-
930,0.021683,T,-
1270,0.021656,G,e
1276,0.02156,L,-
1255,0.021532,Q,-
1254,0.021532,L,-
1007,0.02152,G,-
1119,0.021491,F,-
1429,0.021482,P,-
765,0.02148,A,-
1202,0.021469,G,e
1456,0.021466,V,-
1240,0.021433,G,-
1274,0.021413,N,-
1193,0.021377,F,-
1027,0.021367,A,-
1589,0.021361,M,e
1308,0.021327,L,-
767,0.021325,G,e
1118,0.021324,S,e
1251,0.021305,G,e
1497,0.021291,V,-
1247,0.02122,T,-
1572,0.021181,W,-
1501,0.021117,L,e
1009,0.021107,L,-
1257,0.021085,P,-
1260,0.021085,M,-
1258,0.021085,F,-
1259,0.021085,A,-
1024,0.021037,P,e
1249,0.020975,G,-
1195,0.020902,K,e
1622,0.020886,E,e
1525,0.020836,D,e
1584,0.020824,L,-
1504,0.020785,E,e
1500,0.020772,P,e
1197,0.020738,Y,-
1201,0.020734,L,e
1011,0.020734,G,-
1200,0.020734,C,-
1307,0.020703,K,e
1477,0.020689,T,e
1026,0.020669,G,-
1505,0.020646,L,e
1023,0.020601,I,-
1535,0.020573,S,e
1435,0.020569,F,-
675,0.020549,P,-
1547,0.020456,N,e
1021,0.020444,C,-
1502,0.020383,Q,e
1503,0.020383,P,e
1443,0.020329,H,e
1091,0.020324,M,-
1080,0.0203,I,-
1480,0.020256,T,-
1561,0.020159,Q,e
1562,0.020103,E,e
1530,0.020048,S,e
1557,0.01998,L,-
1392,0.019978,C,-
616,0.019976,A,-
120,0.019945
820,0.019876,E,e
1559,0.019867,D,e
1475,0.01986,I,-
1528,0.019838,D,e
1372,0.019828,L,-
1373,0.019828,I,-
1094,0.019785,T,-
1451,0.019732,R,e
1563,0.019705,L,e
1390,0.01968,S,-
1389,0.01968,M,-
1388,0.01968,K,-
1476,0.019675,T,e
1489,0.019631,V,-
1534,0.019602,A,-
1560,0.019398,L,-
1546,0.019393,L,-
1539,0.019393,I,-
1367,0.019371,Y,-
1355,0.01937,R,e
1356,0.01937,L,-
1357,0.01937,I,-
1376,0.019301,A,-
1368,0.019212,V,-
1366,0.019212,T,-
1479,0.019211,N,-
1362,0.019208,Q,e
1301,0.019196,T,e
1358,0.019167,T,e
1360,0.019167,R,-
1359,0.019167,G,-
630,0.019158,L,-
873,0.019155,E,e
1595,0.01913,C,-
931,0.019122,D,-
1447,0.019053,A,-
872,0.019017,F,-
1363,0.018996,S,-
1472,0.018985,P,e
1361,0.018971,L,-
1554,0.01896,N,e
1556,0.018959,S,-
1558,0.018959,I,-
1581,0.018945,I,e
1317,0.018934,Q,e
1081,0.018909,S,e
1365,0.018884,Q,-
1386,0.018874,A,-
1481,0.018838,F,-
1553,0.018819,L,-
871,0.018796,S,-
1537,0.01877,V,-
1385,0.018715,A,-
1541,0.018707,K,e
1542,0.018707,E,-
922,0.018705,F,-
1550,0.018661,A,-
1305,0.018649,L,-
1467,0.018621,R,-
1377,0.018533,E,e
1543,0.018526,I,-
1468,0.018523,N,-
1592,0.018492,I,e
874,0.018486,L,e
1579,0.018461,G,e
924,0.018457,R,-
1304,0.01844,A,e
1445,0.018431,G,e
867,0.01842,V,-
1391,0.018417,E,-
870,0.018411,L,-
1370,0.018402,Q,e
720,0.018399,V,e
949,0.018383,F,-
1462,0.018365,W,-
1465,0.018365,T,-
1061,0.018351,A,e
1449,0.018276,F,-
1369,0.018214,T,-
1371,0.018214,Q,-
875,0.018204,L,e
1441,0.018197,I,-
682,0.018159,F,-
1382,0.018147,A,-
869,0.01813,V,-
1384,0.018123,L,e
1454,0.018121,V,-
1450,0.018121,P,-
1533,0.018107,N,e
868,0.018065,V,-
1567,0.018055,E,e
1583,0.018025,G,-
1599,0.018,S,-
1381,0.017988,S,-
1383,0.017988,N,e
1380,0.01798,A,e
1108,0.017966,E,e
1453,0.017965,G,-
1455,0.017965,F,-
970,0.01784,Q,-
962,0.017834,S,e
1379,0.017806,R,-
1375,0.017806,A,-
1452,0.017777,E,e
851,0.017775,Y,-
1354,0.017753,D,-
1109,0.017728,C,-
1100,0.017708,M,-
1437,0.017655,T,-
1097,0.017607,D,-
1093,0.017606,K,-
1101,0.017601,Y,-
1582,0.01758,A,e
1098,0.017443,C,-
848,0.017419,L,-
1106,0.017412,S,-
1105,0.017391,D,e
1439,0.017349,P,-
1442,0.017349,C,-
1440,0.017349,A,-
1102,0.017337,I,-
1594,0.017314,L,-
1084,0.017256,T,e
806,0.017217,Y,-
1574,0.017149,W,e
1487,0.017119,D,e
1575,0.017116,Y,e
687,0.01711,N,e
816,0.017095,L,-
1104,0.017073,G,e
960,0.017053,N,e
1052,0.01701,I,-
1580,0.016988,F,-
1103,0.016969,C,-
1577,0.016962,W,-
1606,0.016956,G,-
1573,0.016918,P,-
1486,0.016904,C,-
618,0.016885,Y,-
1351,0.016883,V,e
1578,0.016827,L,e
712,0.016794,S,e
1615,0.016758,K,e
1605,0.016696,K,e
1088,0.016614,P,-
1488,0.016597,V,e
1603,0.016577,C,-
1001,0.016499,V,-
906,0.01649,T,-
1565,0.016467,K,e
1568,0.016372,Q,e
1085,0.016365,E,-
638,0.016358,I,-
1564,0.016309,G,e
991,0.016292,R,e
1089,0.016288,V,-
300,0.01622
1059,0.016205,L,-
1335,0.0162,S,e
1343,0.016138,R,e
1484,0.016126,G,e
298,0.016081
1566,0.016054,Y,e
1569,0.016054,Y,e
1571,0.016054,K,e
1334,0.016042,S,-
1332,0.016042,A,-
694,0.016003,V,-
691,0.015996,F,-
1077,0.015929,N,e
1078,0.015929,F,-
1090,0.015894,S,-
1426,0.015867,T,-
1345,0.015793,D,e
1598,0.015781,T,-
689,0.015714,C,-
1602,0.015712,S,-
690,0.015707,P,e
685,0.015696,I,e
1327,0.015614,S,e
975,0.015604,T,e
1600,0.015564,C,-
1338,0.015547,N,e
1333,0.015473,I,e
1330,0.015473,F,-
1344,0.015446,L,-
1601,0.015383,C,-
866,0.015381,R,-
1056,0.01538,T,e
1425,0.015334,V,-
1072,0.015323,I,-
972,0.015315,V,-
1331,0.015315,G,e
380,0.015287
1325,0.015194,Q,-
1337,0.015183,L,-
1339,0.015079,D,e
885,0.015065,K,e
1073,0.015045,A,-
977,0.015022,V,-
684,0.015008,N,e
853,0.01499,F,-
973,0.014975,N,e
686,0.01494,T,e
1340,0.014921,I,-
730,0.014889,T,e
736,0.014882,V,-
941,0.014807,I,-
1324,0.014806,K,e
1328,0.014755,S,-
1610,0.014745,C,-
968,0.014732,L,-
1515,0.014719,Y,-
1352,0.014708,Q,-
974,0.014706,C,-
965,0.014651,V,-
1326,0.014624,L,-
1353,0.014589,I,-
1219,0.014487,T,-
879,0.014487,A,e
1349,0.014487,A,-
697,0.014484,A,e
1347,0.014479,V,e
884,0.014468,P,e
1323,0.014466,V,-
990,0.014462,W,-
1346,0.014448,K,e
1321,0.014432,T,-
1322,0.014432,L,-
711,0.014412,I,-
761,0.014345,V,-
1348,0.014321,E,e
1350,0.014321,E,e
969,0.014265,Y,-
863,0.014229,Q,-
921,0.014229,Q,-
766,0.014196,P,-
708,0.014188,R,e
955,0.01418,I,-
754,0.014151,F,-
959,0.014125,T,-
134,0.014011
683,0.013933,P,-
967,0.013858,V,-
952,0.013837,V,-
954,0.013837,V,-
953,0.013837,S,-
956,0.01378,T,-
714,0.013773,C,-
717,0.01375,D,e
1064,0.013694,S,e
943,0.013693,D,-
966,0.013685,A,-
716,0.013674,A,-
734,0.013657,Y,e
1523,0.013642,D,e
737,0.013636,S,e
735,0.013597,G,e
883,0.013591,G,-
818,0.013588,P,e
745,0.013491,C,-
942,0.013472,L,-
923,0.013466,G,-
882,0.013465,C,e
950,0.013434,G,-
947,0.013409,C,-
881,0.0134,V,-
744,0.013389,L,e
741,0.013389,L,-
740,0.013389,K,e
743,0.013389,D,e
903,0.013372,L,-
733,0.013367,C,-
821,0.013357,R,e
782,0.013335,D,e
722,0.013311,Y,-
723,0.013282,N,e
824,0.013255,S,e
731,0.013253,F,-
946,0.013252,P,-
951,0.013252,G,-
718,0.013231,Y,-
728,0.01323,F,-
925,0.013132,D,-
822,0.013116,D,-
893,0.013065,N,e
957,0.013027,P,-
1620,0.01302,D,e
746,0.013016,F,-
789,0.013016,A,-
934,0.013009,R,-
769,0.012995,T,e
880,0.012965,T,e
920,0.012965,Q,-
944,0.012964,I,-
958,0.01287,G,-
749,0.012863,V,-
786,0.012839,C,-
948,0.012838,S,-
681,0.012835,R,-
1522,0.012765,P,e
809,0.012757,R,-
785,0.012734,G,-
787,0.012714,V,-
791,0.012685,N,e
790,0.012676,W,-
878,0.012652,P,e
695,0.012628,F,-
700,0.012437,F,-
1066,0.012436,A,e
905,0.012384,G,-
912,0.012357,S,-
703,0.012325,V,-
910,0.012301,T,-
797,0.012255,D,-
812,0.012184,R,-
919,0.012149,F,-
928,0.012113,D,-
696,0.012048,N,e
1619,0.012007,D,e
1618,0.011973,E,e
909,0.011952,L,-
916,0.011913,F,-
902,0.011912,G,e
907,0.011912,G,-
1220,0.011901,V,-
1418,0.011847,H,e
908,0.01177,V,-
914,0.01177,K,e
1414,0.011745,Q,-
1417,0.011745,P,-
1416,0.011745,A,-
1218,0.01173,L,-
1112,0.01172,L,-
772,0.011683,I,-
627,0.01167,T,-
773,0.011628,A,-
901,0.011625,N,-
1057,0.01159,M,-
770,0.011569,G,-
293,0.011512
933,0.01151,V,-
1423,0.01151,L,-
1420,0.011495,V,-
892,0.01149,K,e
1113,0.011469,L,-
1509,0.011449,K,e
783,0.011437,F,-
1054,0.011413,A,-
938,0.011367,T,e
1427,0.011313,Y,-
1419,0.011313,G,-
1612,0.011287,S,e
936,0.011224,P,-
935,0.011224,D,-
1421,0.011192,V,-
777,0.011191,Y,-
1060,0.011189,G,e
1004,0.011158,T,-
776,0.011153,N,-
780,0.011143,P,-
1067,0.011142,Y,-
775,0.011126,Y,-
1422,0.011094,F,-
1221,0.011079,L,-
1055,0.011047,Y,-
1058,0.011047,S,e
1520,0.011045,T,e
779,0.011042,L,-
641,0.010971,A,-
1075,0.010951,P,-
1424,0.010937,H,-
1513,0.010862,D,e
1074,0.010762,I,-
778,0.010708,K,-
1519,0.010602,H,e
1521,0.010549,S,e
1069,0.010544,N,e
1517,0.010513,K,e
643,0.010494,D,-
998,0.010421,G,e
1518,0.010179,N,e
1514,0.010179,K,e
1516,0.010179,F,-
1611,0.010011,G,e
1511,0.009989,E,-
1508,0.009948,F,-
1621,0.009922,S,e
280,0.009791
281,0.009791
282,0.009791
1512,0.009737,L,-
657,0.009726,K,e
418,0.009641
774,0.009483,D,-
635,0.009442,N,e
752,0.009406,D,-
649,0.009351,L,-
751,0.009311,A,-
1608,0.009198,C,-
623,0.009182,L,-
651,0.009117,E,-
648,0.009066,P,-
133,0.008994
637,0.008953,T,e
636,0.008941,G,-
621,0.008935,G,-
1210,0.008903,I,e
1209,0.008827,L,e
653,0.008589,K,-
1613,0.008513,C,-
1614,0.008513,C,-
1215,0.008464,F,-
1609,0.008374,S,e
750,0.008316,Y,-
111,0.008277
112,0.008277
1207,0.008099,R,e
1208,0.008059,D,e
1616,0.007958,F,-
1320,0.007921,N,e
151,0.007895
1217,0.007892,G,-
1212,0.007856,A,e
291,0.007777
1214,0.007768,K,e
669,0.007712,S,-
1617,0.007639,D,e
644,0.007579,C,-
663,0.007561,K,e
654,0.007543,C,-
1211,0.007502,C,-
664,0.007363,G,-
1070,0.007357,N,e
705,0.007168,A,-
1213,0.007155,Q,-
706,0.007112,W,-
1002,0.007069,F,-
1318,0.006933,A,-
665,0.00693,I,e
993,0.006896,Y,e
95,0.006877
101,0.006877
666,0.006873,Y,-
668,0.006845,T,-
1003,0.006758,Q,e
413,0.006521
1316,0.006482,A,-
330,0.006414
161,0.006382
152,0.006259
455,0.006259
456,0.006259
457,0.006259
458,0.006259
459,0.006259
1315,0.00623,N,-
1319,0.006154,L,-
299,0.006105
454,0.006105
900,0.006086,F,-
66,0.006044
319,0.005951
373,0.005796
379,0.005642
887,0.005555,S,e
888,0.005546,T,e
1313,0.005432,N,e
362,0.005094
363,0.005094
895,0.005023,C,-
897,0.004997,N,e
899,0.004997,N,-
898,0.004997,F,-
896,0.004868,V,-
225,0.004853
890,0.004849,L,-
162,0.004749
121,0.004717
122,0.004717
123,0.004717
87,0.004562
374,0.004562
375,0.004562
376,0.004562
377,0.004562
378,0.004562
726,0.004562
832,0.004562
995,0.004562
996,0.004562
320,0.004476
495,0.004412
96,0.004408
97,0.004408
98,0.004408
99,0.004408
100,0.004408
224,0.004277
414,0.003941
254,0.003864
46,0.003756
242,0.003321
158,0.003245
159,0.003245
237,0.003245
253,0.00309
83,0.003087
84,0.003087
85,0.003087
86,0.003087
406,0.003087
407,0.003087
167,0.002838
166,0.002654
232,0.002343
233,0.002343
275,0.002118
276,0.002118
235,0.002065
331,0.002007
332,0.002007
333,0.002007
334,0.002007
335,0.002007
336,0.002007
337,0.002007
338,0.002007
339,0.002007
340,0.002007
341,0.002007
342,0.002007
343,0.002007
344,0.002007
345,0.002007
346,0.002007
347,0.002007
348,0.002007
349,0.002007
350,0.002007
351,0.002007
352,0.002007
353,0.002007
354,0.002007
355,0.002007
356,0.002007
357,0.002007
358,0.002007
359,0.002007
360,0.002007
361,0.002007
42,0.001903
43,0.001903
44,0.001903
45,0.001903
170,0.001897
153,0.001853
154,0.001853
155,0.001853
156,0.001853
157,0.001853
41,0.001749
426,0.001698
427,0.001698
428,0.001698
429,0.001698
430,0.001698
431,0.001698
432,0.001698
433,0.001698
434,0.001698
435,0.001698
436,0.001698
437,0.001698
438,0.001698
439,0.001698
440,0.001698
441,0.001698
442,0.001698
443,0.001698
444,0.001698
445,0.001698
446,0.001698
447,0.001698
448,0.001698
449,0.001698
450,0.001698
451,0.001698
452,0.001698
453,0.001698
40,0.001605
425,0.001544
477,0.001544
478,0.001544
479,0.001544
480,0.001544
481,0.001544
482,0.001544
483,0.001544
487,0.001544
488,0.001544
489,0.001544
490,0.001544
491,0.001544
492,0.001544
493,0.001544
494,0.001544
579,0.001544
580,0.001544
581,0.001544
582,0.001544
583,0.001544
584,0.001544
585,0.001544
586,0.001544
587,0.001544
588,0.001544
589,0.001544
590,0.001544
591,0.001544
228,0.001432
229,0.001432
230,0.001432
220,0.001389
221,0.001389
222,0.001389
497,0.001389
498,0.001389
499,0.001389
500,0.001389
501,0.001389
502,0.001389
503,0.001389
504,0.001389
505,0.001389
506,0.001389
507,0.001389
508,0.001389
509,0.001389
510,0.001389
511,0.001389
512,0.001389
513,0.001389
514,0.001389
515,0.001389
516,0.001389
517,0.001389
518,0.001389
519,0.001389
520,0.001389
521,0.001389
522,0.001389
523,0.001389
524,0.001389
525,0.001389
526,0.001389
527,0.001389
528,0.001389
529,0.001389
530,0.001389
531,0.001389
532,0.001389
533,0.001389
534,0.001389
535,0.001389
536,0.001389
537,0.001389
538,0.001389
539,0.001389
540,0.001389
541,0.001389
542,0.001389
543,0.001389
544,0.001389
545,0.001389
546,0.001389
547,0.001389
548,0.001389
549,0.001389
550,0.001389
551,0.001389
552,0.001389
553,0.001389
554,0.001389
555,0.001389
556,0.001389
557,0.001389
558,0.001389
559,0.001389
560,0.001389
561,0.001389
562,0.001389
563,0.001389
564,0.001389
565,0.001389
566,0.001389
567,0.001389
568,0.001389
569,0.001389
570,0.001389
571,0.001389
572,0.001389
573,0.001389
574,0.001389
575,0.001389
576,0.001389
577,0.001389
578,0.001389
213,0.001293
216,0.001293
189,0.001269
190,0.001269
415,0.001187
117,0.001113
118,0.001113
214,0.001109
215,0.001109
496,0.00108
611,0.00104
370,0.000885
854,0.000885
1047,0.000885
146,0.000863
147,0.000863
290,0.000646
141,0.000496
142,0.000496
257,0.000492
30,0.000463
31,0.000463
32,0.000463
33,0.000463
34,0.000463
35,0.000463
36,0.000463
37,0.000463
38,0.000463
39,0.000463
261,0.000463
262,0.000463
263,0.000463
264,0.000463
265,0.000463
266,0.000463
267,0.000463
268,0.000463
269,0.000463
260,0.000372
270,0.000372
271,0.000372
16,0.000308
17,0.000308
18,0.000308
19,0.000308
20,0.000308
21,0.000308
22,0.000308
23,0.000308
24,0.000308
25,0.000308
26,0.000308
27,0.000308
28,0.000308
29,0.000308
124,0.000308
125,0.000308
126,0.000308
127,0.000308
128,0.000308
129,0.000308
130,0.000308
131,0.000308
132,0.000308
793,0.000308
312,0.000261
1,0.000154
2,0.000154
3,0.000154
4,0.000154
5,0.000154
6,0.000154
7,0.000154
8,0.000154
9,0.000154
10,0.000154
11,0.000154
12,0.000154
13,0.000154
14,0.000154
15,0.000154
1635,0.000154
